Parameters;Iteration 0;Iteration 1;Iteration 2;Iteration 3;Iteration 4;Iteration 5;Iteration 6;Iteration 7;Iteration 8;Iteration 9;Iteration 10;Iteration 11;Iteration 12;Iteration 13;Iteration 14;Iteration 15;Iteration 16;Iteration 17;Iteration 18;Iteration 19;Iteration 20;Iteration 21;Iteration 22;Iteration 23;Iteration 24;Iteration 25;Iteration 26;Iteration 27;Iteration 28;Iteration 29;Iteration 30;Iteration 31;Iteration 32;Iteration 33;Iteration 34;Iteration 35;Iteration 36;Iteration 37;Iteration 38;Average
kernel:rbf | gamma:scale | nu:0.05;0.3190805154175236;0.30577380176732394;0.3049188399891334;0.30450356159283026;0.3028195574163414;0.31055320355818683;0.2953314055079468;0.3059176386171551;0.31514469181511134;0.29681898653739963;0.30894274279737133;0.2969749837873823;0.3080544943947973;0.30627799758964913;0.3151643100340264;0.3302351278067403;0.3174362373898337;0.29445249160574855;0.3005026575646217;0.31060109196528196;0.32474235915928656;0.3081860269360269;0.3101429593365077;0.29986663538904945;0.3006571369078459;0.29835695649107963;0.31115514642057657;0.30668031828272085;0.29810657508015675;0.28979156853902266;0.3001198787109513;0.29817617041405503;0.3078204764605786;0.3038428573927341;0.3046153846153846;0.31046804523329624;0.3059273801733199;0.30534625196101367;0.3138026794471721;0.30634126010526114
kernel:rbf | gamma:scale | nu:0.1;0.33980384923613144;0.32572836660761684;0.3255097071259381;0.33278767906958806;0.3336827948376947;0.33443180196426947;0.3180723720418272;0.3272807502288792;0.340245019260352;0.3228203547702212;0.33544025939996247;0.3177757221563435;0.3301862498689872;0.3333697159187858;0.34117139467155644;0.35297125950097;0.34667563048387373;0.32650862068965514;0.3242524965853139;0.34200482322553727;0.3495613889991619;0.33680460960409153;0.33226495726495725;0.3324565547271434;0.3297079573387257;0.3236170950482252;0.33306129292555503;0.33291542573432276;0.31891280979269965;0.3186133333333333;0.32993605773449153;0.33055943754379485;0.3348861564765019;0.33877472659143393;0.33333333333333337;0.34193959887543446;0.33445362678976154;0.33566194096294777;0.3325508302657984;0.3325828205380825
kernel:rbf | gamma:scale | nu:0.15;0.36291447936739984;0.3457428138739505;0.3484385451956067;0.362095639047727;0.36489993071787047;0.3577645381783048;0.3408383061698373;0.34906521054628736;0.3644536391688065;0.3427489331085135;0.3607820353542734;0.3433333333333333;0.3451838099580918;0.3589591015062731;0.3710003828693321;0.37382845323508496;0.37184185392903873;0.35067369277895594;0.35043506230392957;0.3586606133229819;0.38094667332593773;0.35811894506098374;0.3629069056888744;0.3556933318242221;0.3625;0.3448890715106532;0.35160955833387963;0.3634242560922703;0.33544126699871285;0.3371422992485718;0.3558343946328877;0.3625;0.3607738561634428;0.3582125029712384;0.3673512345281764;0.36817315723620936;0.36118044805002114;0.35812291891741804;0.36102385666647313;0.3571667961850146
kernel:rbf | gamma:scale | nu:0.2;0.38358847647270033;0.3658462758902379;0.37081438610996276;0.3909791886773614;0.3824360059018028;0.3726686254312437;0.36005043263222936;0.3676111221187504;0.37929390727487416;0.35751959071032635;0.3743548421466294;0.3722444977701764;0.36468612170336917;0.3802301095210713;0.39092894017017044;0.39514969549257617;0.392903971265881;0.3727381397393187;0.372867998095889;0.38390374783209325;0.39803921471681636;0.37744264736435984;0.3720621479062758;0.3781119115208928;0.3701134583133213;0.36878815215361593;0.36726897346116827;0.3801363815591358;0.3560062819702734;0.35583760477280846;0.3726949420442571;0.3773241713492381;0.3826141841644957;0.37467638376704115;0.38634883984511936;0.39010419939856605;0.3852259606912822;0.37881409785097575;0.38977720679757866;0.3767231496052278
kernel:rbf | gamma:scale | nu:0.25;0.3974603519219238;0.387113608505164;0.38392414763423616;0.41537742002978495;0.3992636134616627;0.3950793701520748;0.39042207792207795;0.3887829445992861;0.3982057725276532;0.38057512808343374;0.387309146392268;0.3929839131435604;0.3827121049541798;0.3980559242700593;0.4061869632125107;0.4081234807687416;0.41462860605457075;0.395592660057832;0.3928604279810796;0.4019849708375186;0.4152392548588745;0.39904535910252703;0.38775453973323115;0.3957280124238646;0.3920434538157298;0.3928604279810796;0.384481030276033;0.40212861761058666;0.3732511522225267;0.37419203577192806;0.3919102370144605;0.3933155286098131;0.3981023497856365;0.39692575318755685;0.4049140228542222;0.40999365834672336;0.40339197601116955;0.390542484500802;0.40748895112593286;0.39563978148057216
kernel:rbf | gamma:scale | nu:0.3;0.41210665684545256;0.4015869384609827;0.3993558776167472;0.4297221734942577;0.4117293233082707;0.4092146385724368;0.4096713526214774;0.3938083333775809;0.4163883318966887;0.40036164783834394;0.39867742866252165;0.4035658254616866;0.40611817301060926;0.41330104554911473;0.4146325146550931;0.42772801250422354;0.42884633726970184;0.41694532640548276;0.4096018367656863;0.4131931565281899;0.4276822143916914;0.4106212790449688;0.40500050105220964;0.41194852967812456;0.40723234371656647;0.41369266493332024;0.4018517766130816;0.4207125477368311;0.3907220208955856;0.3838126044787103;0.40038713033725826;0.41469915536585805;0.41281314216011306;0.4080085407310191;0.4164129471645236;0.4271605701103971;0.41236285721951793;0.4069597435428571;0.4186509618917676;0.41044324261305004
kernel:rbf | gamma:scale | nu:0.35;0.42037319805667817;0.4175865811948307;0.4141850348822179;0.4393286350593687;0.4248;0.42290111016044873;0.41068366459957556;0.405020823470399;0.42212154010300185;0.4116143956103072;0.41109506512086735;0.41314131413141314;0.4156613044494502;0.426840586703759;0.42496069164143346;0.44181536229909557;0.43740941490739316;0.43555222514033587;0.42407923517082075;0.42667015148719845;0.44518952902115105;0.4279557008894769;0.4199372604140864;0.42343875221896;0.42017725529439387;0.4216993762037258;0.40781422386962235;0.43380122536153776;0.40637568514806366;0.39903038233511023;0.4167026573537661;0.4337824818782383;0.42043209570953133;0.42788136547994593;0.42803678047707416;0.4420343316195702;0.4261884701176242;0.4203960392234972;0.4310394165649313;0.423019317009459
kernel:rbf | gamma:scale | nu:0.4;0.4243606715514233;0.42986945573086566;0.42940681997297003;0.45254457919887103;0.43554247895631804;0.43715236057579915;0.4267505724487999;0.4126496383074067;0.4295704289310358;0.41933902773262416;0.4226447145224179;0.42053013283355556;0.42831209726807595;0.44354435443544354;0.4361270855093865;0.45559573187053787;0.44426475627108614;0.4422347537754937;0.4331555939856848;0.4293717486994798;0.44982174224448723;0.4320963446548812;0.4390662472378019;0.4333733493397359;0.43036607566179613;0.4272362721222485;0.41837617668819715;0.4471773563845175;0.4176519824120478;0.4077471952685128;0.4234131858722226;0.43690728188141326;0.43392382879040203;0.43865356292429303;0.4360418640253306;0.45181440628539193;0.43271631123561194;0.4332049665334752;0.43340521145477673;0.4327169323998568
kernel:rbf | gamma:scale | nu:0.45;0.42617862748388735;0.437161772930739;0.43967613521615;0.45780361671112757;0.44385882010832034;0.4416165325823778;0.43299496403016563;0.4234271937610885;0.4359795919284267;0.4317725161145135;0.4235798549026861;0.42636535913393003;0.43646897068291945;0.44991266058535073;0.44245886246183175;0.4619843173844783;0.4481395797185271;0.44982394366197187;0.4393630520785876;0.4384419954766864;0.45628289608947736;0.44267845274983664;0.4544736302617931;0.4402985074626866;0.43660738488601114;0.4327566131091354;0.42371281022658314;0.4543853297695067;0.43182221717175306;0.41055170427862153;0.4298925178772859;0.4495782297696077;0.44466529338778266;0.440546001306575;0.45433978008566184;0.46397216904869065;0.43888029811315654;0.43805590028432684;0.4423106141568445;0.44032868505100253
kernel:rbf | gamma:scale | nu:0.5;0.42773465985529213;0.4430549358216628;0.44568967153200023;0.4601851901421623;0.4497260395520745;0.44827921446626484;0.43528348768918;0.4287885086012063;0.4401569890413157;0.4359205776173285;0.43121747312877023;0.4357855685980686;0.44679472622270466;0.45310133611550496;0.4438162077300318;0.4688148682071116;0.4533371861588539;0.4472752748349361;0.44642857142857145;0.44103335624326423;0.4541470569941741;0.4458909009187885;0.45760626163708806;0.4419294715827562;0.4385674125351403;0.4372273309654714;0.42831912590034693;0.4591227026873956;0.4416870510114245;0.4279924700049992;0.4338768115942029;0.4594764682897997;0.4548888337437652;0.45284020781308304;0.4615328138492136;0.46291045535937425;0.4403048121113815;0.44065490739406277;0.4502410094727328;0.44542666530388486
kernel:rbf | gamma:scale | nu:0.55;0.4284906750460325;0.4417346579738513;0.4444020714268807;0.46194903581267216;0.4499948234806916;0.451450499352236;0.4336143308746049;0.43490647497119583;0.4412724460493822;0.4374544625546696;0.43572663973901704;0.44122254573074243;0.4458134511767364;0.4553484941799745;0.4406774109014675;0.467574859465097;0.44648804052824426;0.4480327822254657;0.4442867661274068;0.4410331873617358;0.4542176043035743;0.44602794197111756;0.4470905112833029;0.44526058441982486;0.44389572553566425;0.44189745993119445;0.4260996160263072;0.4582166704150593;0.45117585882901057;0.4361306324927656;0.4449857343217528;0.46160432033719706;0.45719018022597946;0.457468785597135;0.46493666975594683;0.4580820281251316;0.448614585466057;0.4470264549146638;0.455874781175986;0.44710948205399415
kernel:rbf | gamma:scale | nu:0.6;0.42289032842384977;0.44314704413669725;0.4458696698856449;0.4567513833168936;0.4502274572455266;0.45125280445287275;0.4339816298109046;0.43500994098547296;0.43937755296108005;0.436144140143674;0.4317362535247372;0.44659647595323126;0.44971365129727714;0.4495309234983304;0.44174971161240706;0.46704224170770153;0.4537565939382589;0.45517853854153956;0.44631518989462393;0.4337112606641287;0.4564447465030166;0.4505077779005412;0.44771825025735407;0.4482369072823337;0.44389124234190136;0.4485071503120771;0.4297838968310625;0.44995600482070397;0.45579247711236803;0.4336689263121887;0.449257191422044;0.45851337307881634;0.4580069085163987;0.4595075580974395;0.46577045613489787;0.46029870013759655;0.44547545868905847;0.44526617872554936;0.45758681253847855;0.4475428925386842
kernel:rbf | gamma:scale | nu:0.65;0.4224889117871063;0.4432775789352551;0.44603490176894106;0.4574412810340575;0.4503924485578664;0.4482939366733818;0.4308048092774166;0.4335712703933551;0.4437746921250134;0.4337194337194338;0.43186387407200877;0.445235569271068;0.4518095905976016;0.4490394950425551;0.44165984724495366;0.46349745331069614;0.456231636622505;0.4625859255761252;0.44215576455088124;0.42690000036060227;0.45907813295050875;0.4466566685628588;0.4479223995597138;0.4443203879579122;0.4495085045742727;0.45376050491924497;0.43234847713298363;0.4434682681091832;0.4576368650103898;0.43400556990564676;0.44811558764167053;0.4485620780808439;0.4547571183824183;0.4564346044262674;0.46346493057055493;0.4560262649799349;0.445235569271068;0.44754981627456714;0.4582932092871962;0.44686983021841176
kernel:rbf | gamma:scale | nu:0.7;0.4266212024872945;0.4371617126108144;0.4452687815952254;0.45780085453439007;0.44713934099009445;0.45114134363422786;0.427608331460941;0.43179810718898004;0.44586116341712617;0.4381247375480206;0.43381285492443583;0.4406038912590973;0.44583955613895;0.4455380525246442;0.43941617742987604;0.45806584355659974;0.44870838753057;0.45565705500634623;0.44272978968186405;0.4285720374856743;0.45288333119053287;0.44539828230908585;0.4421275387200857;0.4472839915919903;0.44940023954664904;0.4443065796937039;0.43970811033716123;0.436733381782202;0.4594448132442795;0.4337296956451796;0.4360352632422153;0.4454991181132939;0.4534655551604704;0.45477711594653125;0.4622432267191482;0.46173398627572415;0.45035177486408695;0.44856500164756374;0.46023787916400927;0.44542036169741234
kernel:rbf | gamma:scale | nu:0.75;0.42064058201061194;0.43816798720716976;0.4420003271635345;0.4660129516636591;0.4422042066513987;0.45688013955288054;0.43430325513816403;0.4320159768409095;0.4458747195652158;0.447789718324738;0.43283428252207085;0.440507896354227;0.4392178679127115;0.4452937726027777;0.438109105653505;0.4546096249185547;0.44496332930134275;0.4564240422061091;0.44864330922612206;0.436869876810431;0.4552734655373951;0.4392251273307991;0.44050630996337875;0.4439338235294118;0.4501204338596298;0.44012948747985525;0.4348264403377692;0.43228877522649345;0.4641921304781148;0.4387088737702876;0.4347107283192596;0.44306929549051594;0.45611664363375404;0.46225900638943007;0.45637817170663886;0.45839745753789973;0.4470564709274477;0.4407306463319138;0.4547158889407502;0.44502569611325327
kernel:rbf | gamma:scale | nu:0.8;0.40740973671080266;0.4300481757202889;0.4294777384052359;0.46044756431029515;0.4280415436089382;0.4549408892462796;0.43810575389522755;0.4219088627258416;0.44052568854417734;0.4415791678990437;0.4343913202674837;0.4310212715355496;0.42527596284861824;0.4377279897466233;0.4296052792225234;0.4572368641278805;0.44564357414121225;0.44884918730485585;0.43196578687748743;0.43059470619072876;0.4496222852835338;0.42895140249535546;0.4270356769653257;0.43418041320557704;0.4447024224131259;0.4327809182673509;0.4301994301994302;0.4353204879520669;0.46144934751596506;0.435691346486694;0.43017923133668523;0.4350985452246899;0.45058280485546487;0.4488235642742843;0.4536577323179533;0.4474419939455843;0.4439217018566155;0.4334499032249956;0.44348058914779365;0.4382401759050663
kernel:rbf | gamma:scale | nu:0.85;0.4042199108969598;0.41421117404236624;0.4208241420642835;0.45557847187720624;0.4266633064516129;0.43224475999492984;0.4271019654809492;0.4138352091630509;0.42691681245098634;0.4356861851896298;0.418889160753609;0.41817534341270796;0.4194763707178425;0.4289570837645342;0.42260965936285505;0.4455151737640724;0.4412585119288556;0.43085356912824324;0.4199584199584199;0.42541004456855047;0.43641389599971386;0.4193654313898267;0.4147602691877078;0.41565065610867136;0.43339758255119576;0.4372834609773888;0.4184963698720936;0.41958396752917304;0.45284057840206565;0.42666230472180533;0.42365159396161334;0.43769410517553237;0.4398782343987824;0.43855106543191935;0.4452462120589502;0.4334552753407362;0.4369964939911986;0.42167588080959517;0.430066819752167;0.4284629608367129
kernel:rbf | gamma:scale | nu:0.005;0.31728722903365536;0.2906743381405246;0.291320853741043;0.28582920681456586;0.28527885010735987;0.2918497649706787;0.28682180500182775;0.28558914842226496;0.30476099669463513;0.2842153544603073;0.29886757638824224;0.27863406994923107;0.29054954186028653;0.29411900549170905;0.30133568019594714;0.30963077684022156;0.29915296467785163;0.2802866901257123;0.2834224598930481;0.296720313903016;0.3051244503182909;0.29143377860797004;0.28609240478729464;0.28666979079293803;0.2884446798001059;0.28487637731913024;0.28727842904529494;0.2855312735357719;0.27421122549766286;0.2798573975044563;0.28350443492383104;0.28593481892089545;0.29684014509339907;0.2904868907487994;0.28750700177751554;0.29482901093312996;0.28937306110670225;0.28964559886944125;0.2933842061084731;0.2907018359590572
kernel:rbf | gamma:scale | nu:0.01;0.31728722903365536;0.2906743381405246;0.2910833398107444;0.28582920681456586;0.28527885010735987;0.29253074644065064;0.28682180500182775;0.28558914842226496;0.30476099669463513;0.2839751130462234;0.29886757638824224;0.2805501051775645;0.291217379747128;0.29411900549170905;0.30133568019594714;0.30963077684022156;0.29915296467785163;0.2802866901257123;0.2834224598930481;0.296720313903016;0.3051244503182909;0.29143377860797004;0.28609240478729464;0.2869080260250764;0.2877979853229409;0.2842171129157371;0.28727842904529494;0.2855312735357719;0.27421122549766286;0.2798573975044563;0.2837421113023523;0.28593481892089545;0.29684014509339907;0.2904868907487994;0.28750700177751554;0.29482901093312996;0.28937306110670225;0.28964559886944125;0.2933842061084731;0.290752016778823
kernel:rbf | gamma:scale | nu:0.015;0.31728722903365536;0.29092475406377727;0.290845713029678;0.28689452343924565;0.28722974239172355;0.2925179427459112;0.28682180500182775;0.28558914842226496;0.30476099669463513;0.28462729662306596;0.29862942718185786;0.280796115821619;0.291217379747128;0.29411900549170905;0.30133568019594714;0.3100471545840251;0.298915632085379;0.2822538836947389;0.28407215127096574;0.29738082283273026;0.30488368987739467;0.2911921914943063;0.28698090210554317;0.28666979079293803;0.2882010063414172;0.2854768788197439;0.289757126890131;0.2854923889406648;0.27460751448265325;0.2805081047309332;0.2841625579926879;0.28698090210554317;0.2974974750308607;0.2904868907487994;0.2874435657987941;0.29725126526326073;0.2898029401437266;0.29160199073240317;0.2933842061084731;0.29124737930133743
kernel:rbf | gamma:scale | nu:0.02;0.31728722903365536;0.2914330245231992;0.2921108742004264;0.2898221857233867;0.28804117553084346;0.2938287435376486;0.28674518617599015;0.2869080260250764;0.3047038453214054;0.28609625668449196;0.30121986403799345;0.28094108734428047;0.29321692115367926;0.29544818961287783;0.30080005042523783;0.31332999606614986;0.29929298030445134;0.2826688506407563;0.28601748028624824;0.29690169211127293;0.30620275447861656;0.2944452626082765;0.28930691719973084;0.28571569317104795;0.2902895263433158;0.2874435657987941;0.29467213700679307;0.28767361663519847;0.27603331235595713;0.2809171347606705;0.2872035052773771;0.28826804668961614;0.2979129756628374;0.2921511597041475;0.289573692418184;0.29743705035971224;0.2906580748676195;0.29355272024598467;0.2958658752880286;0.29261888922079426
kernel:rbf | gamma:scale | nu:0.025;0.3176285054547888;0.2921861041131334;0.2935354102616265;0.29191427442149;0.2888467148454115;0.29514226718100905;0.2869077328045946;0.2915038647278131;0.30506095659619575;0.2870677197605971;0.3033685700380035;0.28476797873230075;0.29383416343848;0.296720313903016;0.3018135236474052;0.3154528111323084;0.3013972055888223;0.28390474702486057;0.2908349981044583;0.2992930086410055;0.30744797680431596;0.2983842741327354;0.29225845906153647;0.2872035052773771;0.291722008738474;0.2899825507968172;0.29801217284837567;0.2900172117039587;0.27871723230451473;0.2827814216392044;0.2875463094898832;0.29087733612095557;0.30053184672676686;0.2936910364448362;0.2928946818026068;0.3006736708892143;0.29060797324270377;0.29590017825311943;0.29881809381059943;0.29459612334629015
kernel:rbf | gamma:scale | nu:0.03;0.3182342921616547;0.2963094658009912;0.29476751461413325;0.2948777684589818;0.29068620383778715;0.2993435499156323;0.2885130295381677;0.2950939969847869;0.305719414172971;0.2864920468061217;0.3061531841652324;0.2876602720443438;0.29492049384902497;0.2991178229665072;0.3022283432152887;0.31795924808746456;0.3050127445696447;0.28358865004948536;0.29367174108456284;0.30053184672676686;0.31022927297268404;0.2993152903692462;0.2949414903106837;0.29022470682262796;0.29225845906153647;0.29295427155103804;0.2979652180566955;0.2928112225536054;0.28175824175824177;0.2833402114922942;0.29006576645461873;0.2936910364448362;0.30004616202278866;0.29420112825542566;0.2939902640769289;0.30281051205720844;0.2933624101781623;0.2976428699245257;0.3015008966285069;0.29651259128310775
kernel:rbf | gamma:scale | nu:0.035;0.31857341581163956;0.3006571369078459;0.29712288969515216;0.2954126488939308;0.2930359707545173;0.3027120905410379;0.2892087351106069;0.29774169026948394;0.3067185083168634;0.289992039411993;0.30687919271012204;0.2877823139574995;0.29963566715819134;0.29915050771955487;0.30826552008768293;0.31915056455516616;0.3077735421388832;0.28609240478729464;0.29432325202677956;0.3021628570391427;0.31323404267511723;0.3013664863952974;0.2976021053582723;0.2907126908196583;0.2950749234652774;0.2937432036092207;0.30170050110080093;0.29574210762844655;0.2851356068387846;0.28581182164299235;0.2915739557729088;0.29520833289283854;0.3015130961375552;0.2977186946227429;0.29757316399974776;0.30623036444063384;0.29931022867909407;0.2990949247742448;0.30201417755521603;0.2987884968282624
kernel:rbf | gamma:scale | nu:0.04;0.31891125374468254;0.30121914956883733;0.29902624655536075;0.2994917472530889;0.29583728652751423;0.30436029833620193;0.2929239362924467;0.3005921150786308;0.3074563921506229;0.29596452331287615;0.3082305313057128;0.2914922529776143;0.30410838686070873;0.30232175884237944;0.31090662209369846;0.3227548654575358;0.30991148868620155;0.2881739662024112;0.29671755137572964;0.30361669348635195;0.31754142314054334;0.3026462321684255;0.29783666863114117;0.2894012779407418;0.2970919766372211;0.2953038196657686;0.3036106574346706;0.2986311878118912;0.29170313019151894;0.28916088529279166;0.2975937480273833;0.2951986097781586;0.3019863194670797;0.3004432223217771;0.3026432862941749;0.3069408556803627;0.3017946858076086;0.30138443274446025;0.3041537698461695;0.3012585449997563
kernel:rbf | gamma:scale | nu:0.045;0.3194444444444444;0.30315706525383945;0.30415678675539465;0.30301810354267833;0.29947879814499173;0.30638731475357084;0.2938215694857521;0.30201417755521603;0.3119001005760035;0.297211221540133;0.3071346882106097;0.2935514608901706;0.3058512774562757;0.30496077236000413;0.31286314849040703;0.3254423895742513;0.312747324334751;0.29101803441362195;0.2965642829592566;0.3088052082394331;0.3231429782666397;0.30339153590313855;0.3039043910709814;0.29289614331299363;0.29732805366989873;0.2978538423856199;0.30786168838052885;0.3012296230399846;0.2967129040894184;0.28967151557235565;0.29722258126261203;0.29781000985874745;0.3061382186892315;0.3023054703987199;0.3038790569506136;0.3094132978413622;0.3041401576146936;0.3036237432014234;0.3098901098901099;0.3037934228302533
kernel:rbf | gamma:scale | nu:0.05;0.3190805154175236;0.30577380176732394;0.3049188399891334;0.30450356159283026;0.3028195574163414;0.31055320355818683;0.2953314055079468;0.3059176386171551;0.31514469181511134;0.29681898653739963;0.30894274279737133;0.2969749837873823;0.3080544943947973;0.30627799758964913;0.3151643100340264;0.3302351278067403;0.3174362373898337;0.29445249160574855;0.3005026575646217;0.31060109196528196;0.32474235915928656;0.3081860269360269;0.3101429593365077;0.29986663538904945;0.3006571369078459;0.29835695649107963;0.31115514642057657;0.30668031828272085;0.29810657508015675;0.28979156853902266;0.3001198787109513;0.29817617041405503;0.3078204764605786;0.3038428573927341;0.3046153846153846;0.31046804523329624;0.3059273801733199;0.30534625196101367;0.3138026794471721;0.30634126010526114
kernel:rbf | gamma:scale | nu:0.055;0.3224170356017377;0.31136517363230704;0.30554379009668386;0.30968030703316113;0.3053319901045001;0.3137677541509505;0.29681898653739963;0.3098901098901099;0.3147763024582733;0.29802802839998066;0.3122518434486671;0.29842319529123157;0.3098451978789508;0.3123780279054973;0.31792772385541374;0.3303049265333453;0.31778573650262265;0.2964491644312119;0.30202359902299014;0.31275583582254673;0.3280658395017624;0.31206486135703115;0.3110000968606691;0.3022334333861121;0.30621438298256826;0.30021978021978024;0.31272505583663796;0.3061503955999369;0.2977430555555556;0.29287931661054944;0.3009552674601351;0.3014779274898223;0.3099709507053149;0.30795865857532106;0.30694896828387935;0.31047929665343166;0.30592851037148683;0.3091612490364617;0.3152984608328872;0.30859590348504934
kernel:rbf | gamma:scale | nu:0.06;0.3251636359752639;0.3121544431013636;0.30739926399511114;0.31022585576170925;0.30638867970452244;0.3185554436018455;0.2987517255435068;0.310976072173896;0.31832153409879627;0.2999235724424064;0.3185223765493361;0.30296324128409835;0.31274221861652357;0.317272089359242;0.31925358821653954;0.3334465094786196;0.3235987851869365;0.30003774624251317;0.30542773799165607;0.3169026112424318;0.33063546882608413;0.31527877611769084;0.312360950864843;0.3055555555555555;0.31028316485571783;0.3063713532856817;0.3157960448837795;0.30849613109296625;0.3003672012143929;0.30124223602484473;0.30620633624659643;0.3071707047721036;0.3132293464642824;0.3102072442078733;0.30979338533938244;0.31539231288921055;0.30640585060536896;0.3135506585631562;0.31702217834272534;0.31188184694150195
kernel:rbf | gamma:scale | nu:0.065;0.3263340952430147;0.3131334927866481;0.3097372364618922;0.3128462927468505;0.31115292126825794;0.32241544917463416;0.3026360531749174;0.3124997926586676;0.31955198702300414;0.30342276879647656;0.3204395604395604;0.30514277264703377;0.31334179535998874;0.3196171677366953;0.3227191997320431;0.3384518808247622;0.3271264033844752;0.30367763052593394;0.30593438279301743;0.3201348133450619;0.33239008210636983;0.31677505315950494;0.3137011964331203;0.30909027304052755;0.3128980097884939;0.30778469265203623;0.3176912691579983;0.31019893459282616;0.30228332961448046;0.30324403657842597;0.3116067542480525;0.30808814983031874;0.31816136941314077;0.31356683877892055;0.3109202705551045;0.31686763979973204;0.3079808426615408;0.31891125374468254;0.3194444444444444;0.3144082086339142
kernel:rbf | gamma:scale | nu:0.07;0.32899906248883093;0.31469298245614036;0.3132811427001786;0.31690422736211904;0.31523045355667567;0.32236014393422563;0.3061185543027963;0.3137995520427673;0.32148009217310125;0.30419486996793726;0.3254590428724031;0.3068046466994257;0.31682101907252713;0.32131868131868135;0.3282523831504867;0.34077409405026293;0.3282523831504867;0.3062992213818798;0.3096969881975529;0.32431197561688824;0.33559484775018156;0.3192947147979176;0.31686239567883473;0.3123193475572031;0.3156733808538043;0.3092579984962207;0.32006618552623695;0.3117896780192019;0.3065330526750778;0.3066156168931375;0.3136351393802555;0.31176326597974746;0.31844627138829557;0.3156733808538043;0.3146319469184182;0.32131868131868135;0.31039314158613956;0.32138696340042655;0.3231378153727693;0.31716526515235177
kernel:rbf | gamma:scale | nu:0.075;0.3302165333241915;0.3151010652375281;0.316782819411895;0.3203125;0.31718501831327073;0.3217705082111862;0.3094876998422555;0.31878025519325787;0.32510881140391573;0.30796255851965737;0.32719064365690725;0.30896456349666507;0.3191366072722005;0.32509733382391715;0.3314383188135002;0.34453025774012885;0.33237851687386044;0.3100181195241655;0.31275118338360464;0.32817173016713896;0.3398961529688792;0.32123439768042766;0.31869003349730823;0.3175078675813888;0.3155073304198561;0.3103568153868216;0.32153375164590886;0.31720917342782284;0.30752015923943377;0.3068289701273198;0.31496177218046323;0.315132933389414;0.3220248949662795;0.31959874878653866;0.31690327402405644;0.3232643970013679;0.3148551961731041;0.3235724256207177;0.32214407642000886;0.31977249781400946
kernel:rbf | gamma:scale | nu:0.08;0.32996243682136234;0.31411833928164956;0.3205816378651351;0.3210278918448994;0.3231294633170637;0.3218619797500112;0.31155717972254454;0.32070106078143223;0.3272669705206639;0.3106912139108748;0.3307007563081453;0.3104744758919922;0.3187988219731756;0.3280178278919784;0.335777255447279;0.3476826905949412;0.335777255447279;0.3128980097884939;0.3163710435675914;0.33291554387932343;0.34246415211970077;0.32457765427197743;0.3210924798771811;0.3220486111111111;0.31917211328976036;0.31256615195436793;0.3246665837648793;0.32426266409987875;0.31163766115222424;0.3096753857648062;0.3194565891129657;0.31755446744126176;0.32527211993057353;0.32430232600203507;0.32059282708633363;0.32772171230548325;0.3179684903184625;0.3278304476294763;0.326057856771027;0.3228008243233164
kernel:rbf | gamma:scale | nu:0.085;0.3305571950073229;0.3156467074336109;0.32098775098441557;0.3241871602810553;0.32616822686619645;0.3254718559668027;0.3128634045051268;0.3214067100412419;0.3316359062433653;0.31323792390831595;0.3311573187566797;0.31279887251030974;0.32072336968797366;0.32761526328149165;0.3371741684331907;0.3495503435884236;0.3376736111111111;0.3163206955516419;0.31823274896140386;0.335777255447279;0.34375;0.3298808243916855;0.32583991581119803;0.32518993307960475;0.3238953238953239;0.3162681474369786;0.3262491235974928;0.32471009374949583;0.3131255585936851;0.3102038642715589;0.3221874662927408;0.31972133030129973;0.32958991383863534;0.3267480221667677;0.32450199491901266;0.3314383188135002;0.31971300658371943;0.32829970293526567;0.32758347067920424;0.325079038459593
kernel:rbf | gamma:auto | nu:0.05;0.31029626010677863;0.29916114980699976;0.3004101828967057;0.3005017851547502;0.296468084528279;0.3038727253570944;0.29228923259398404;0.3013664863952974;0.3094064834333642;0.2972229600034826;0.3078809291533736;0.29287931661054944;0.3016733568414297;0.3022322856229156;0.3106579943340189;0.3240346179885981;0.3115846902131106;0.28945526795116133;0.2970919766372211;0.30441556996188196;0.3201087825947848;0.30440762965585955;0.3001870321454151;0.291722008738474;0.2983448328529818;0.2948055928552569;0.3046796094714398;0.2981372500386269;0.292678224129837;0.2870131923737237;0.29342258670651095;0.29545205063034613;0.30174024523096615;0.3006993006993007;0.30327183546067665;0.3080806890409266;0.3014451021169946;0.3020141524351676;0.30566319612885406;0.30145576074095237
kernel:rbf | gamma:auto | nu:0.1;0.33255098926605514;0.3217368113451705;0.3244942459388629;0.33015977922066325;0.3305571950073229;0.32855507130658507;0.31360564678353536;0.32602494594849263;0.33690037591247707;0.3167259981980794;0.3315196820508578;0.3152;0.3253376052381989;0.3337533546255018;0.3391042919344806;0.3526222515400503;0.34138605563887625;0.3227346891686993;0.31874731874731876;0.34076247308546004;0.34749105130584645;0.3333989678964943;0.33168285080236537;0.33146971902430417;0.32742423209782656;0.32065217391304346;0.3274825916929325;0.3312885546513182;0.31806305714588984;0.31478965885181204;0.32702661129057065;0.32741665094171923;0.3336813381059702;0.3319811892732485;0.32925151348376447;0.3376736111111111;0.33033149581463644;0.33448780260222133;0.32823770161217813;0.3293925526301011
kernel:rbf | gamma:auto | nu:0.15;0.35895255682064475;0.34192066359101164;0.34828297890733056;0.36186669672014576;0.36145339209962796;0.35453609055689683;0.3352063464066286;0.3478929819458671;0.3629845710469898;0.33802473300890945;0.35950448093703063;0.3402514706007542;0.34042777654423567;0.354919053127767;0.36704174117244615;0.3718003981352;0.3686681375828065;0.3485414026221795;0.3488447050625945;0.3579620065669624;0.3770301278170748;0.3549189270129203;0.3607681077265338;0.35308105537542206;0.3600638783986118;0.34348287828516555;0.3471438135347771;0.36154299855891137;0.33455459520905995;0.3353784258145046;0.35236851567906996;0.3601527881634614;0.3598216490893305;0.35544778208036226;0.365066735556716;0.36637998731411847;0.3545244184630374;0.3557727035494538;0.3546959079696059;0.35439173023215814
kernel:rbf | gamma:auto | nu:0.2;0.3783022315056594;0.36191181063510935;0.36725633906518806;0.3896624948754681;0.3784143222506394;0.3714548520619347;0.3556917629393902;0.36857330273412303;0.377698883871232;0.358259904408771;0.37145367547425473;0.3701159364197078;0.35959876617137865;0.3799322722015312;0.38724640093970963;0.3920860445302559;0.39119729106750123;0.37106918238993714;0.36940200210748153;0.3810062256871162;0.39603003611938403;0.3712554037605977;0.3706043788877993;0.3752224274185082;0.36913061769085725;0.3667567206133945;0.36738189481043804;0.37972402184959353;0.3563357877302022;0.35418435166924256;0.3700218749500426;0.37668150320621246;0.3800931546414657;0.3732249229710237;0.3872782628113307;0.38839572357700214;0.3842384781071705;0.37569659117195553;0.3848884616893433;0.3745507260259475
kernel:rbf | gamma:auto | nu:0.25;0.3905968363478153;0.38506714710505485;0.3828467212714335;0.41044530464053697;0.40050054165018445;0.3951472455503149;0.3869348757564655;0.38725649540621154;0.39439408066736137;0.37917897758811764;0.3857622873186656;0.3869277776625961;0.38107365002373306;0.39691484633357665;0.400797732257389;0.4081986873186155;0.41087274053206946;0.3957279097240178;0.38924988840815783;0.3982640079260015;0.41092877140962913;0.39294743418845535;0.3854442054685412;0.3961685614368602;0.3901944566081188;0.3925103711505975;0.38366577336249125;0.4003115607700864;0.36968370509714965;0.3723572349747022;0.3861932338494839;0.390542484500802;0.39826586496287497;0.39650863854777396;0.40259117043558135;0.406711629623987;0.40143422200074746;0.38892050841164905;0.4042511858315391;0.3932253529774202
kernel:rbf | gamma:auto | nu:0.3;0.4093477144324602;0.39777378649009076;0.39262388256094594;0.425156316507727;0.41441658243891477;0.40841716645865767;0.4042668491919027;0.3924163256687122;0.4101182525159002;0.39746475048122376;0.39645991913691025;0.3982045539254487;0.39991030664785926;0.4112862914361241;0.4123822049543299;0.4232870091648163;0.427443791580837;0.4120220421497919;0.40463317680013183;0.4081842835984136;0.4258515917358705;0.4074094059062493;0.4011777881057763;0.40790135104828046;0.4016657561056212;0.4135538092133673;0.40025532102997663;0.41946463762104425;0.3906644984277699;0.38244431833504733;0.3981967787114846;0.4107733951116313;0.40910694374311163;0.4045109400535659;0.41194852967812456;0.42475515663325336;0.41093989883274484;0.40441352116521184;0.41408926179423455;0.4073061053690657
kernel:rbf | gamma:auto | nu:0.35;0.418292407363666;0.4087360488910481;0.40632458998741183;0.43729713080768595;0.4239867286542282;0.4203273375870971;0.4065923505669806;0.40053925038334254;0.41908378327278817;0.41032439124099934;0.4090733324369944;0.412256966855454;0.41285480116098927;0.4258997189031952;0.42316058680860735;0.4389529515563124;0.4316797336272098;0.4303475008256761;0.41833084892951256;0.41931283804002306;0.43981193697896304;0.42315532914868925;0.40985638264928154;0.41963103433525284;0.4176301718643407;0.41884256493113525;0.40544871794871795;0.43005609979453163;0.4039355296668888;0.3905846082239307;0.4109190223898827;0.4295903089434956;0.41792371908365733;0.42213038915436385;0.4231347235426205;0.4375715645149849;0.4246217708397353;0.41876998278406297;0.4261884701176242;0.41905578525157383
kernel:rbf | gamma:auto | nu:0.4;0.41983423285738375;0.4236363412066452;0.42587424349429504;0.4450038421579723;0.4305174364259483;0.4331737899560476;0.42332088730945777;0.4122712638976441;0.4287766026896462;0.41743557701725736;0.41471000581049344;0.41587428685817235;0.4233962051547499;0.43836405529953915;0.4282308478140173;0.4503912062593002;0.4410775736317283;0.4392405971863336;0.4289623569744785;0.42509982939427365;0.44513528057912677;0.4304943597314817;0.4352351728805217;0.4270676297051671;0.4269124475897026;0.4257610247080425;0.4159865443299814;0.44319429830961465;0.4151012211404533;0.40068900347192027;0.4202863761297214;0.4354329784923572;0.42873821232504505;0.4338768115942029;0.43298217443212983;0.4478441595355873;0.4288138781816508;0.42933374995437873;0.4270843759383445;0.4285938687288413
kernel:rbf | gamma:auto | nu:0.45;0.41953926110496476;0.4339679499358551;0.43513929778059124;0.4531008019205846;0.43889198957202347;0.44093444318674746;0.42558536830469296;0.41939686657402714;0.4296577946768061;0.42501819704979726;0.4210614242996288;0.4215287217828308;0.43241455255440686;0.4449840767015151;0.4381842887252462;0.45447917522385606;0.44450545251613344;0.4415566674424392;0.4349252525876083;0.43203629958363243;0.446589328829638;0.4363787013746888;0.4500568770729476;0.4377695712050571;0.4258487018386843;0.4274451227244258;0.4191709657635557;0.4495104451884807;0.4272360703812317;0.4059486275964392;0.42582124426062157;0.44654972587933484;0.4444530077892184;0.43133892779840854;0.45329041984723006;0.4599692886183079;0.43426314827166185;0.431887537373598;0.4337325518842549;0.4352350806466967
kernel:rbf | gamma:auto | nu:0.5;0.4215358488563392;0.43646152563220547;0.43648063154356986;0.4584125715738595;0.44283394788708125;0.44510557230484704;0.4286264471554836;0.42559459858285287;0.4322772639853344;0.4273185417893841;0.42397655519857924;0.4326443678439885;0.433936338964726;0.4449341529387927;0.4387014197495192;0.46357916449447845;0.4471515759822571;0.44101113356107313;0.4395542647730576;0.4405136109324369;0.4456928838951311;0.44239135078725567;0.4530282756789429;0.43712107055354843;0.43009356214514893;0.43450644889493806;0.418086500655308;0.4543676776142336;0.4343015708552169;0.4234718670534257;0.4309122626296568;0.45562566891566636;0.44807622419119514;0.440315141623047;0.4567326285490696;0.4602874563343762;0.4366883116883117;0.433792160566315;0.44487868348742377;0.4395133148684123
kernel:rbf | gamma:auto | nu:0.55;0.4209187557731702;0.43844348111449866;0.43413021258812834;0.4561681352722544;0.4450174010687521;0.44455184475195364;0.429056844594609;0.42825089333750105;0.4368617220506615;0.4312887775357509;0.43025270603379157;0.43296660506852913;0.4384128847157016;0.4473551858031106;0.4359618901936998;0.46028188706012974;0.4410756000159974;0.4453757876159016;0.4399181656383717;0.43875865540666315;0.4477712901373591;0.4418466807165437;0.44697159675681486;0.4367387460565558;0.4341372897508869;0.4344667637184081;0.41614543784525704;0.45370843989769816;0.4455467257111785;0.4272175341207628;0.4358119938322015;0.4526671113165137;0.44975027758316233;0.4511758062425777;0.4634491362927934;0.4554244573849293;0.44006522436697704;0.440020104965166;0.45082951051480624;0.44099465545768635
kernel:rbf | gamma:auto | nu:0.6;0.417281447462706;0.4393692360544466;0.43770779139134386;0.4520368525264108;0.44224022751516623;0.44347090065667927;0.42932919906604117;0.43018955694072436;0.4362546740936265;0.4302601750694532;0.42500000000000004;0.4380573226787996;0.4414970437130506;0.4465259068354425;0.4310757653924595;0.45845004668534084;0.4475;0.4479852428335199;0.4415599592647623;0.42550388653300947;0.4486993969337693;0.44228267782873465;0.44297827523341843;0.44204803165780066;0.43873594758777534;0.44226141678782294;0.4247038242366754;0.44808404893859943;0.45064218325429106;0.43022298954433974;0.44100867698789137;0.45183501795429193;0.45274803654645085;0.452751141621924;0.46452210206969524;0.45610521684418237;0.4377685284640172;0.43705425754309457;0.4526838046547446;0.44149822588211546
kernel:rbf | gamma:auto | nu:0.65;0.4195552663115484;0.44288405806888287;0.4420389364681986;0.45296381969687494;0.4433314937054307;0.4504940778693801;0.42866117356603406;0.428873431533006;0.434548787028079;0.42852400053434936;0.42850270775587407;0.4395771317213784;0.4454593290594122;0.44326950401119203;0.44004346215851164;0.4584526396626394;0.4533623417991389;0.4588318639798489;0.43800943800943803;0.42174853968968634;0.45487531813102533;0.44018299394606497;0.44456825496984886;0.44650674797297607;0.4448800984279939;0.44732577652013683;0.4312533333333333;0.442654337805072;0.45897557350761997;0.43160228978628246;0.4391824094318597;0.4491922721202058;0.444685194421505;0.45633256189297705;0.46395278038708543;0.45658075967170075;0.4475138121546961;0.4431494050481903;0.45448857768502604;0.44351370512416666
kernel:rbf | gamma:auto | nu:0.7;0.4243401997358482;0.4399101269099873;0.4517276670403041;0.4560557112903961;0.4513769363166953;0.4514285714285714;0.4322227378157141;0.4338632069671574;0.44850109375481406;0.4402208978538441;0.4323225233779906;0.44775475148963817;0.4478766676445219;0.44731323601808437;0.44058837992815314;0.4554414650750336;0.4528487000929238;0.45233958382103745;0.4383120922874562;0.4347571055297819;0.4567121433062273;0.4471531861069329;0.44042848711565513;0.44788835197369525;0.4464320467860086;0.44723871337756843;0.4370714426211008;0.43822836598065956;0.46412150806988617;0.4358052180751863;0.44165722608836383;0.4451550405489574;0.4522551238884195;0.4593841217704039;0.46227447827259216;0.45436442084301365;0.44830659536541895;0.45134029983108637;0.46173960095073785;0.4465835391115351
kernel:rbf | gamma:auto | nu:0.75;0.4188903140693831;0.43284766905063743;0.44081186050877685;0.45803372976666945;0.4352501168770454;0.4523222269035414;0.42869481673418625;0.4229605154898265;0.43992899518984996;0.4377734246209085;0.4296525205890877;0.43610233936972354;0.4337204015598982;0.4361324836322427;0.43289053426248547;0.4538170347803873;0.4406324582338902;0.44716741591741593;0.43828325330831314;0.4347426470588235;0.44520289095069154;0.43871923682090574;0.43355129434218354;0.43705383887209553;0.44306929549051594;0.4353505408373848;0.43454997814562935;0.42810029432067537;0.45953939774344293;0.4360178511964226;0.43084952333181065;0.4420775005072023;0.4509134836012221;0.4574611341921685;0.4548993608521922;0.45028855285265545;0.4434462914124455;0.44030396760641544;0.4507400768889918;0.4400715196894396
kernel:rbf | gamma:auto | nu:0.8;0.40801622322871023;0.42413172079697015;0.4292583243178267;0.455058291432515;0.422649121484051;0.44687898361768275;0.43336178247970264;0.41679690412102577;0.42779582385129655;0.43627838364680466;0.4286826082927079;0.42508471920236623;0.4183497367282273;0.42746729946394824;0.42606626289742194;0.45160249720108536;0.4443123331990343;0.44040907998959467;0.42357209737827717;0.4267638261207271;0.4406323509872384;0.42424290127937603;0.4211081577842619;0.4264434283630715;0.43664283541957316;0.4293853319615565;0.4234763473210424;0.43038046001576413;0.45344158574814586;0.4323501872659176;0.4245474406991261;0.4352333382149946;0.4421966468268548;0.44864382076882203;0.44354591719614556;0.4399131292260553;0.440356431839648;0.42825125486377713;0.44186738769131545;0.43269730699801695
kernel:rbf | gamma:auto | nu:0.85;0.40338699413109574;0.41189100868809275;0.41316904120138626;0.44790288979896303;0.4218060472541865;0.4285251494490253;0.426820271267238;0.41004012948779267;0.4176802507836991;0.4294384556651833;0.4173190428250726;0.41648512292123474;0.41425594172320457;0.41958396752917304;0.4163872825866841;0.4400050008855735;0.43527087758207816;0.4289778589157846;0.4182294204236452;0.42100233145774724;0.43195398674728813;0.41624951867539467;0.4108660218383228;0.41184419610294887;0.4257270972980614;0.4354913749801226;0.4130942789468723;0.4191110635316101;0.4483624942400998;0.4241164241164241;0.416271463883911;0.42978392556724015;0.4358890994363744;0.43587455843042133;0.4390822810818274;0.4293830760619634;0.43171236146590963;0.4187665881713821;0.42456115925598814;0.424008155241257
kernel:rbf | gamma:auto | nu:0.005;0.28244579368548683;0.2672998643147897;0.27447445601137715;0.27341801390287207;0.2675148417931963;0.2821225813926544;0.2661580026717839;0.27543056215637707;0.2811770118196617;0.26820443238353686;0.2779735517291428;0.2647959035563684;0.2763944885640888;0.2840736975634336;0.2828926541230231;0.2848632835539198;0.2794564578171903;0.269338962397909;0.2661635935855924;0.2783574408623761;0.28308823529411764;0.27568888571614886;0.2700179905243626;0.2709034971145619;0.27137798735025187;0.2679083306284713;0.27831446786364816;0.2721721094155112;0.25755528450858783;0.26321138211382117;0.26633083758223475;0.26775300221269094;0.27697214433302764;0.2663952962460425;0.26975324310647975;0.27687456821642603;0.2752952276399645;0.2716039544144794;0.2731925087108014;0.27325550120195924
kernel:rbf | gamma:auto | nu:0.01;0.2846634921672232;0.2690738381428455;0.27863008661546;0.27702005299501786;0.26979190293045974;0.285748034053762;0.267753493060222;0.2772751269774808;0.2833388823685939;0.27225631602061806;0.28219792098082236;0.2672313031594469;0.27808285223869533;0.2861499945467888;0.284763906193972;0.2869882106189935;0.28025544388609713;0.271594312304549;0.2675005170319427;0.281119482969067;0.2856644072462496;0.27772938443670153;0.27269918477338895;0.2752345889096097;0.2760986095493567;0.271824007226124;0.27814705283815977;0.27498219830504517;0.2586417096959266;0.26526390471083994;0.2702395231008472;0.2697763266633249;0.27999334199166437;0.27198562880721805;0.2734192716620446;0.280635363361106;0.2753623188405797;0.27431795394422454;0.27499449683712957;0.27585754979901533
kernel:rbf | gamma:auto | nu:0.015;0.2899463417082191;0.2748191355844096;0.28136692550782194;0.278345062445041;0.2749190071020107;0.28857837896739497;0.27334892532225374;0.2784135670237997;0.2863555579984976;0.27355465281493524;0.28774928774928776;0.2689319741201919;0.2806544992248629;0.28729281365131376;0.2895677949058732;0.29596756519833445;0.2833388823685939;0.2736015431049356;0.27105954395758275;0.2834197451069823;0.2909455204935019;0.28017451497860585;0.2757166366542309;0.27838489963170937;0.28032333748385907;0.27523106938907826;0.2803308823529412;0.2779602946321869;0.26122931442080377;0.26817257283845936;0.2754409769335142;0.2717542925988632;0.2845569896779596;0.27552127883384886;0.27499449683712957;0.28021880618013173;0.2784045584045584;0.27700179281878984;0.2796856560832328;0.2791610024386089
kernel:rbf | gamma:auto | nu:0.02;0.2940176416748912;0.2744963769575394;0.2865285183192512;0.28275137113654814;0.2795421389294131;0.29069897741442496;0.27665365062569014;0.28088620902772193;0.2882043304954098;0.27907102357199987;0.28910815386575883;0.2716572905365758;0.2841029317897645;0.2897746636312826;0.2943186517078579;0.29914088708166275;0.2875176566743646;0.27378653015834425;0.2719280799687967;0.2872475713822464;0.2972783490459349;0.28148982475929235;0.2787870578023952;0.28058774042126255;0.28020414200333726;0.2785766705961214;0.2833827776321648;0.27931526877413204;0.2673221774009754;0.2699286112459765;0.2767708550031205;0.2763349983752264;0.28634076167662587;0.27920913214272414;0.27700179281878984;0.28432843983235906;0.2813588850174216;0.27962202339010145;0.28052193341709697;0.2820460024693488
kernel:rbf | gamma:auto | nu:0.025;0.29614494261196467;0.277248275389465;0.28650066487835446;0.28487637731913024;0.2832091611775343;0.2929986878712898;0.28404154525465236;0.28102358440981456;0.29412184750263043;0.2818953092900183;0.29201455919220903;0.27825767674608376;0.28701593004941844;0.29131540560683705;0.29675288331317845;0.30380675743756624;0.29364201450024763;0.27708341864647024;0.2771817697633721;0.2889775804783419;0.29809422165804095;0.28582650656491976;0.2810571271738985;0.2832598513252981;0.2842810596538549;0.2789557334631513;0.2852413421151492;0.28311796135743644;0.2738996012694308;0.27628663882809457;0.2782887835361599;0.28177553663159155;0.2883382113609272;0.2814696234258565;0.28052193341709697;0.28815438108786695;0.28338981907700606;0.28336964978867485;0.28487637731913024;0.28534135257672216
kernel:rbf | gamma:auto | nu:0.03;0.2970013686699017;0.2852039074690461;0.28975789475958347;0.28974028050619033;0.286242106677415;0.2909147635909822;0.2853487926682503;0.2867242733699921;0.2988007907097586;0.28438656402759377;0.2973003516115877;0.2796130401817412;0.29078449895234865;0.2937305504780671;0.30067229305133547;0.3061433059814061;0.297423887587822;0.27789114110401303;0.27909559460409755;0.2914127524776197;0.3031398488720067;0.29167525242118275;0.28269814495321377;0.2854025757127424;0.28633822236969947;0.2819991441429798;0.2879570684006525;0.2846297357105804;0.27637568629378634;0.2786183183807338;0.2819991441429798;0.2838304595100545;0.29089509299404354;0.2872251550862973;0.28577308405603413;0.2946342861780312;0.2867340119937168;0.28857838094399474;0.2899825507968172;0.28863267490867434
kernel:rbf | gamma:auto | nu:0.035;0.30073028927963696;0.289353982477993;0.2930086410054988;0.2907126908196583;0.287311257599344;0.2913400116144019;0.2871506704345718;0.2901939646872169;0.30271614851631534;0.28617822221818984;0.3014602361640517;0.2827390603819972;0.29317077732834235;0.29587375714735437;0.29923849382032836;0.30956185713637585;0.29867819128518464;0.28284221189848224;0.28642150885727075;0.2975607967197572;0.30710320515417966;0.2942017109050208;0.2899479874704426;0.2863722712021753;0.2888467148454115;0.2858937710607646;0.29514226718100905;0.2892335871365477;0.27755294782228773;0.2814885849166669;0.2841625579926879;0.2862474441621788;0.2985686494988802;0.2920106031042435;0.29046674874449674;0.2983377720900203;0.2899463417082191;0.2950089126559715;0.29675437260627713;0.29214177486280646
kernel:rbf | gamma:auto | nu:0.04;0.3047919357984628;0.29508282578415096;0.2950843884689233;0.2933494596431521;0.2913277509307702;0.29691443552673724;0.2874692918378207;0.2950939969847869;0.3048195041459755;0.2880229480324221;0.30239915473208445;0.28615384615384615;0.2955815419693057;0.2991178229665072;0.30378184266636743;0.3156110991913627;0.30121986403799345;0.28447915514575695;0.2912283053361865;0.29939314186518384;0.31022927297268404;0.2998120459323298;0.2943069138820973;0.2873762022790022;0.2936401020986954;0.2865800717557764;0.2977750080157515;0.2915038647278131;0.28099771116137967;0.2826964364216921;0.28925539648669224;0.2898852780041655;0.3006985493210777;0.2926744399139086;0.2930487933276611;0.3001907754460779;0.29491355837327327;0.2961126219804831;0.29959442929040275;0.29518496878484
kernel:rbf | gamma:auto | nu:0.045;0.3064261995120629;0.2960779627291528;0.2979279826560129;0.2970744130836938;0.2917626328299182;0.300079744127867;0.2888149209112533;0.2981372500386269;0.3060634691867926;0.2906294944130988;0.3057392165162003;0.29064955106621776;0.2976716784624338;0.30086270768582246;0.30817497631348434;0.3206886072328787;0.3075273962547291;0.2872251550862973;0.29344060443706943;0.30256692900158144;0.313686213228629;0.30288786893795894;0.2974754953811438;0.2892472848712884;0.29432325202677956;0.2939902640769289;0.30103993728094447;0.2946060459485239;0.28538860830527496;0.2865951899620538;0.2914233886967859;0.29457928461791577;0.30037467730061396;0.29734519757455535;0.29732384435674447;0.3042801188508033;0.29881950267803703;0.3015008966285069;0.301381531286788;0.2983028075270634
kernel:rbf | gamma:auto | nu:0.05;0.31029626010677863;0.29916114980699976;0.3004101828967057;0.3005017851547502;0.296468084528279;0.3038727253570944;0.29228923259398404;0.3013664863952974;0.3094064834333642;0.2972229600034826;0.3078809291533736;0.29287931661054944;0.3016733568414297;0.3022322856229156;0.3106579943340189;0.3240346179885981;0.3115846902131106;0.28945526795116133;0.2970919766372211;0.30441556996188196;0.3201087825947848;0.30440762965585955;0.3001870321454151;0.291722008738474;0.2983448328529818;0.2948055928552569;0.3046796094714398;0.2981372500386269;0.292678224129837;0.2870131923737237;0.29342258670651095;0.29545205063034613;0.30174024523096615;0.3006993006993007;0.30327183546067665;0.3080806890409266;0.3014451021169946;0.3020141524351676;0.30566319612885406;0.30145576074095237
kernel:rbf | gamma:auto | nu:0.055;0.3146790489497938;0.302449503637752;0.3036537033589551;0.302882832703682;0.30183346436031083;0.31001459183103663;0.29546050974643806;0.30491502310330065;0.3110070442496907;0.29783666863114117;0.3075261632359636;0.29478088981894024;0.3075261632359636;0.3048576706087419;0.31350146974711246;0.3291160440099875;0.3168118929385677;0.2907696051797519;0.29843201529813085;0.30855507563234325;0.3228871242200794;0.3062631983756441;0.30523666054388243;0.2938077813720811;0.2991988736597837;0.29671969594289327;0.304686040243376;0.3025028360748724;0.29776014201430584;0.28954664893891263;0.29823242788996357;0.29781000985874745;0.30627799758964913;0.3015335064104676;0.30450356159283026;0.3104447248932479;0.3025028360748724;0.3031372391477941;0.3097372364618922;0.3043435364508436
kernel:rbf | gamma:auto | nu:0.06;0.3169613965122177;0.30785978754168514;0.30491502310330065;0.3080846079581941;0.30426330284468306;0.3129988090794362;0.29695731568014694;0.3094159745421415;0.31272505583663796;0.2979202125131053;0.30996534295388084;0.29645096667376447;0.30730282980772217;0.3100972674176497;0.31440306297074994;0.32946139362901516;0.3165317667375494;0.2936980594893935;0.3006031346626335;0.31047929665343166;0.324956797235023;0.31029720143668515;0.3094399558041572;0.3027439248100164;0.3034866269432373;0.2984790603265732;0.30937057426104436;0.3050357042316623;0.29679517550237666;0.28965693106170975;0.3017224998633327;0.2998848466007855;0.3099741421889073;0.3072616958408289;0.3050891355976102;0.3103492320528034;0.3049188399891334;0.30545208268726776;0.3117896780192019;0.3068666336169153
kernel:rbf | gamma:auto | nu:0.065;0.31876558056775983;0.30861858429768946;0.30640585060536896;0.3092573176701959;0.3069112348509663;0.31554294323445436;0.2986475331055011;0.3103569374755815;0.31744531712492885;0.2978762595329494;0.3152754661387141;0.3002297672811184;0.31073219176191363;0.31502006328330767;0.31966234074274874;0.33035072693316153;0.31888865905973307;0.29817617041405503;0.30079703024347637;0.31350729432758107;0.33063546882608413;0.31215198165738617;0.31175720428906994;0.30358985816066225;0.30804218816232737;0.30194204899269933;0.31350146974711246;0.3075095510920772;0.29815891346849954;0.2959717339210439;0.30328624541571114;0.304551309784998;0.3122316467381593;0.3083869493139965;0.30970372081498154;0.31350729432758107;0.30666119748332993;0.31197544141608663;0.31572799210154595;0.30978870472729636
kernel:rbf | gamma:auto | nu:0.07;0.3190479708324823;0.31062882956300886;0.3075095510920772;0.3110161960968413;0.3095216313586088;0.3199200321283722;0.30131604267503936;0.31320110538336665;0.3185554436018455;0.3008904613180336;0.31785565878585176;0.30242917255904267;0.3108382465889582;0.3171252640022826;0.3227191997320431;0.3366131880243831;0.325544780665055;0.3014779274898223;0.3046400926844654;0.31764020486849376;0.33089982697288906;0.3172412161560385;0.3133680555555556;0.3062738074216089;0.31229863271439634;0.3076942442119043;0.31706041543985564;0.31019893459282616;0.30103011821020137;0.3009815562043098;0.3070865207789446;0.3069891709222407;0.3164582590592388;0.31189860589355156;0.31075376038605473;0.31686763979973204;0.3079808426615408;0.3178938794552426;0.3199814631984042;0.3128576397201182
kernel:rbf | gamma:auto | nu:0.075;0.322000868461938;0.31340347109999334;0.30896211638183624;0.3141425718938937;0.3140330623922919;0.3212201110295617;0.3042940348767812;0.3137995520427673;0.3208596868824246;0.30271836311852535;0.319658095032125;0.3052526008392859;0.31583611342785656;0.32034029263815483;0.32668410892139615;0.33921739502320275;0.32756025191564286;0.30202359902299014;0.3069542881638909;0.32148009217310125;0.3361295539018165;0.3181000437837861;0.31502104296922356;0.3104912165308945;0.3136733396473656;0.30865036527830414;0.31980913667702204;0.3130202153324781;0.3053535065910023;0.3026360878250186;0.31356683877892055;0.31023065886767465;0.31870791245791247;0.31382660190298756;0.31213542959952256;0.32034029263815483;0.31029720143668515;0.3195830857311399;0.32254355157560355;0.3155014553041839
kernel:rbf | gamma:auto | nu:0.08;0.3239533003496127;0.3144213137741344;0.31459981989765273;0.3184462521846232;0.31686239567883473;0.32115379616417644;0.3094876998422555;0.316104916201331;0.3227400044495631;0.3049524719467357;0.32615558406417067;0.30829855898974423;0.3185192054636493;0.32142725095591584;0.33163536681598427;0.34353330480194466;0.3298136820831961;0.30672564039314965;0.31155717972254454;0.32659932659932656;0.3390235768326848;0.3211860514023864;0.3169138018668085;0.31630005088363977;0.3160995013052828;0.31009122783602905;0.3209105231705329;0.315118841067587;0.3077935655652263;0.30789379454538734;0.31603584961011877;0.31421274825282175;0.31984857686078494;0.3201884699823525;0.3159722222222222;0.32352644217050996;0.31389889725952613;0.3232451747380959;0.32246094613107074;0.31865916236106695
kernel:rbf | gamma:auto | nu:0.085;0.3252285062700851;0.31482791629651874;0.31747358395842973;0.31956443802783596;0.3196417780304138;0.3218619797500112;0.3102969927908479;0.3185763888888889;0.32692495965046253;0.31188563071784087;0.3294252393345455;0.31044236559719296;0.31993726596552435;0.3249879842621778;0.3351781270123044;0.34845521169630905;0.3339170816071374;0.3137011964331203;0.3157785610615799;0.32928087899073505;0.34045210290999317;0.32309099588577295;0.32140605011099643;0.3190479708324823;0.3179592236988618;0.31229863271439634;0.3230769230769231;0.32125515585025843;0.3093414590103802;0.3092889727205498;0.317944499378187;0.31728230368111715;0.3258079329584802;0.3228546380838957;0.3199990864109863;0.3246680625278542;0.31857341581163956;0.32518993307960475;0.3251636359752639;0.32159197643742576
kernel:sigmoid | gamma:scale | nu:0.05;0.28952572817651767;0.29375500785932895;0.3042753828701078;0.2976021053582723;0.29482447973766235;0.31120867341843816;0.3003588499061161;0.3068126768822825;0.31001459183103663;0.2953989198921154;0.30520865474856035;0.2939015711939191;0.29749502733188965;0.30555444051772723;0.3054564305111609;0.3028963003212225;0.3113509398539277;0.29344635372507066;0.2856056023365336;0.3056393457887626;0.3022322856229156;0.2966527772230875;0.29319005828137706;0.3075718215158924;0.29406593406593406;0.31009212434383665;0.3077735421388832;0.30858327030020766;0.2973200822183305;0.3062631983756441;0.2998499779048134;0.3009552674601351;0.3024760457575714;0.29871602158213534;0.2991108518498877;0.3089141928180395;0.3138550480865905;0.29810418513200493;0.30651921223398676;0.3016045379274853
kernel:sigmoid | gamma:scale | nu:0.1;0.31102531102531106;0.3234530547859297;0.3342410930357853;0.31841315243580326;0.31346051004205955;0.3394097222222222;0.3293991416309013;0.34136553339285314;0.3376526617721805;0.32601300288243334;0.3356839502796343;0.3257109352096159;0.3333151315056294;0.33470648530540514;0.33270193010452753;0.3304651323519248;0.331756679085471;0.31160776002054624;0.3140026933520189;0.33077918372676035;0.32108280365091185;0.3154552562451908;0.3127092888219657;0.33524724757939645;0.3200053818304412;0.3393514514804444;0.34545886614823784;0.3439293106329732;0.33084766107404484;0.34477067314603355;0.33055943754379485;0.3274331693754434;0.3279528148683409;0.32999028357883853;0.33280071588170684;0.33643181854126397;0.33438672621703963;0.3216235204360271;0.32790614327239626;0.3290539906279873
kernel:sigmoid | gamma:scale | nu:0.15;0.3275447222512815;0.34836189999360845;0.36494609395054334;0.3462601392457533;0.3368861787593598;0.36168711552118055;0.3587895952646507;0.3714419272441944;0.3666195000336904;0.35792633691229025;0.36399597592067773;0.3501434003055198;0.35549229037607466;0.36467342196979474;0.3608385258878948;0.36010168136237897;0.36391112460007335;0.34267994994654355;0.3398638026013453;0.3546514453537343;0.34857960054295134;0.3379826157267031;0.34510298444724674;0.3645915792112101;0.3514920007369712;0.3653694287185456;0.37911023973411784;0.3647265415244825;0.3573940866361789;0.3682208849911801;0.3513579988931843;0.35844861968617686;0.3515882136061855;0.35369187234963567;0.35233975124816075;0.3628560403174309;0.3628560403174309;0.3503691392462207;0.3638359465979281;0.3560699669751931
