Parameters;Iteration 0;Iteration 1;Iteration 2;Iteration 3;Iteration 4;Iteration 5;Iteration 6;Iteration 7;Iteration 8;Iteration 9;Iteration 10;Iteration 11;Iteration 12;Iteration 13;Iteration 14;Iteration 15;Average
kernel:rbf | gamma:scale | nu:0.05;0.44181301552879215;0.5044640794219437;0.48965887724952994;0.2940574044051172;0.11714900652661697;0.2951349971372551;0.17015699519439242;0.17190484065616957;0.26229104622599075;0.2952941249893384;0.35439352692075016;0.35092619305117234;0.3337733213804509;0.1350915058784974;0.25874409797001546;0.4133750980633867;0.3055142581624637
kernel:rbf | gamma:scale | nu:0.1;0.43951727137603513;0.5028776882372078;0.4867871006270529;0.3005563554275761;0.13713838090163313;0.3130151416120313;0.2056645609880851;0.195196343825044;0.2795812527084124;0.3126278561000395;0.3780126433604403;0.371534849374579;0.3651558838014416;0.18296925522144505;0.2984110481118351;0.44144413069138816;0.3256556101477654
kernel:rbf | gamma:scale | nu:0.15;0.43798856842335104;0.5057625003475107;0.47916666666666663;0.3202200766916181;0.16768528049408132;0.33816670574125685;0.25108373562411784;0.21917958869460025;0.31176326597974746;0.3487642330776574;0.40889454851646584;0.4029700983343368;0.3921102405758526;0.21654272272461042;0.3374401430443462;0.4660077335217743;0.3502341317786246
kernel:rbf | gamma:scale | nu:0.2;0.4515835929387331;0.5039951584218053;0.48132780082987553;0.3524930240286174;0.1947982591125438;0.3879120251624869;0.2936141869895755;0.24586264072830197;0.33523794563323905;0.3721293197754957;0.44313911462711875;0.4189475780728976;0.41056928526350456;0.25011200910782044;0.36965048811358825;0.48009025770764885;0.37446641790707824
kernel:rbf | gamma:scale | nu:0.25;0.46519713888001735;0.49936445635195836;0.48250879735044505;0.37288046395173563;0.24272904267077328;0.4038015547044738;0.330019197218859;0.28158482977146215;0.3620797978831434;0.3961743330961161;0.47352717894986424;0.4408037363201765;0.42409274278221554;0.27557229788467114;0.3881521613375148;0.4935504994519453;0.3957523892878357
kernel:rbf | gamma:scale | nu:0.3;0.4761220950488074;0.5054271708683473;0.4834710743801653;0.3914105305919456;0.28065335042079226;0.4420127221099359;0.37427587956749947;0.30404134037425123;0.3846968978737827;0.41577322154087476;0.4963590061899228;0.45812877882102854;0.43880524237667096;0.3084318200004967;0.41894542468277096;0.49882358788547515;0.41733613392079794
kernel:rbf | gamma:scale | nu:0.35;0.47176605995225557;0.49600608596424495;0.4842170414689499;0.4071509729726197;0.31820651382655885;0.46392512053462787;0.40412008399069294;0.3308635847986387;0.3999498642995073;0.4254995950965197;0.5090275578080456;0.47495942445507855;0.46078777320416553;0.3374162432474986;0.4441502258034962;0.5066069594121039;0.43341581917718774
kernel:rbf | gamma:scale | nu:0.4;0.47758611998929235;0.4987666622112592;0.4845360824742268;0.4218997959646339;0.3525190102667434;0.47342533320185104;0.434198057499593;0.3563142071967391;0.4268818946444214;0.43853885087880823;0.508466971501167;0.4907623718850193;0.4776513546656098;0.3583709594987431;0.46587942927265324;0.5038819433611402;0.4481049402819938
kernel:rbf | gamma:scale | nu:0.45;0.47809319926971;0.5021337126600285;0.485384932070811;0.44179655034438997;0.3858044752130034;0.48789332093597765;0.4554028886293515;0.38281192048067647;0.4422574713354143;0.44911858974358976;0.5098480108241089;0.5002777998884036;0.49601887999294203;0.37461927052812244;0.4794635148985311;0.4994645611855728;0.46064931862503955
kernel:rbf | gamma:scale | nu:0.5;0.4856096945215854;0.5017392121838864;0.48601973684210525;0.4465417958069143;0.4091111935523762;0.48984076753064093;0.46547631514643767;0.40325025592566344;0.45214408686783025;0.4577147264286668;0.504615615882365;0.507308244062886;0.5054078948954549;0.39086823177778074;0.49145511642686396;0.4947221270975267;0.4682390634343115
kernel:rbf | gamma:scale | nu:0.55;0.496122542997543;0.49373834265920596;0.486336552290939;0.4652975501759562;0.43033684523779575;0.4948743522911581;0.4751579297502297;0.42807537373792376;0.46966678080513785;0.46934050798616944;0.5049659729242442;0.5167625903568804;0.5035737491877843;0.40585149908557316;0.5003967932938082;0.4889542368962947;0.47684072622979023
kernel:rbf | gamma:scale | nu:0.6;0.5025708757723656;0.48770491803278687;0.4864420706655711;0.46852769599327027;0.44722785096683076;0.4938700911135827;0.4850292069985983;0.4378293153663817;0.4780985782643372;0.4750024525432874;0.4997091332169866;0.5238540773314315;0.5075874661241743;0.42214178242002665;0.5024896687216314;0.47753874348050174;0.48097649543823523
kernel:rbf | gamma:scale | nu:0.65;0.5091431623388184;0.4885433715220949;0.48707427164546574;0.4786379141388668;0.46300619265311416;0.4958988380041012;0.49029185062079694;0.4550951956440672;0.4885073356855221;0.48410634838091937;0.49917414839163354;0.5224957431745971;0.4985862767946349;0.4341834740794862;0.5069560286951591;0.46445540675633373;0.4853847224078507
kernel:rbf | gamma:scale | nu:0.7;0.516199494993389;0.48896156991005724;0.487389788804593;0.4852518674583413;0.4779872846330846;0.506107193824967;0.49117797789003587;0.46839237064895;0.49475686788765827;0.48943912567223846;0.49218185757619526;0.5354192613552886;0.49029465158497415;0.44342128698051075;0.5084457364987792;0.44217731031099305;0.48860022787687846
kernel:rbf | gamma:scale | nu:0.75;0.5137744828848618;0.48948335715744334;0.4875999180159869;0.4871238831467984;0.4932262275428747;0.5074578005574903;0.4965849673045184;0.48148106756720777;0.4966904921860373;0.4927356010137832;0.4935361073420775;0.5421810575093198;0.47172507071570957;0.45612155046826486;0.4959521076956481;0.42318141727188685;0.4893034442737443
kernel:rbf | gamma:scale | nu:0.8;0.5024482704154163;0.4902120717781403;0.48770491803278687;0.49193876168540845;0.4919318782262326;0.4958912986529526;0.49743356071672673;0.50320961384116;0.506598526791961;0.4874863045811602;0.4832575444398512;0.5373077976591476;0.4674704089659533;0.46757238519806865;0.49678573156782047;0.4048950351725053;0.48825900673283074
kernel:rbf | gamma:scale | nu:0.85;0.5050263498146647;0.49104234527687296;0.4878098750256095;0.4827229464100973;0.5003917682662425;0.4942446582480224;0.4832575444398512;0.5227624461411833;0.5058360759431119;0.49210247251213934;0.4845360824742268;0.5250660321985579;0.46393251851076145;0.4834344119433119;0.47265460028122075;0.3911815633709835;0.48662510567855355
kernel:rbf | gamma:scale | nu:0.005;0.43934085570900117;0.5058360759431119;0.4903519214361757;0.2938077813720811;0.11714900652661697;0.29428627347336256;0.16867984429711158;0.16651892050228556;0.25859581031994827;0.2982317519462373;0.35229400647912656;0.34338117720723726;0.3298993100876375;0.12519986003197758;0.2403989061744249;0.39628393948974955;0.30126596506225534
kernel:rbf | gamma:scale | nu:0.01;0.44163625510951937;0.5046912595838431;0.4898314701812716;0.29355804461108054;0.11754352278545827;0.29428627347336256;0.1683247914782434;0.16651892050228556;0.25859581031994827;0.2982317519462373;0.3513521423389482;0.34292368410163043;0.3298993100876375;0.12519986003197758;0.2403989061744249;0.39605189101410765;0.3011902433587485
kernel:rbf | gamma:scale | nu:0.015;0.44092949872670373;0.5053763440860215;0.48965887724952994;0.29355804461108054;0.11754352278545827;0.29428627347336256;0.1683247914782434;0.1668795975197343;0.25889479690233785;0.2984965902341366;0.35158771863974175;0.34292368410163043;0.3298993100876375;0.12519986003197758;0.2416;0.3964892465774463;0.3013530097815651
kernel:rbf | gamma:scale | nu:0.02;0.4407528789199916;0.5053763440860215;0.4898314701812716;0.2930582292172808;0.11714900652661697;0.29428627347336256;0.1683247914782434;0.1668795975197343;0.2582966710497229;0.2984965902341366;0.35158771863974175;0.34338117720723726;0.3290900097375018;0.12559944038364185;0.24239806053903498;0.3964892465774463;0.30131234411068664
kernel:rbf | gamma:scale | nu:0.025;0.4412828206757628;0.5053763440860215;0.48965887724952994;0.2933081939501528;0.11714900652661697;0.29428627347336256;0.1683247914782434;0.1672400423751952;0.25746748901624017;0.2982317519462373;0.35064935064935066;0.3439747129131484;0.3290900097375018;0.12719497264304241;0.24359406977750706;0.3957923302598491;0.3014138147973601
kernel:rbf | gamma:scale | nu:0.03;0.44181301552879215;0.5053763440860215;0.48965887724952994;0.2933081939501528;0.11714900652661697;0.29372431850123293;0.16867984429711158;0.16796023685184425;0.2569371879716707;0.2963746210499457;0.3518181243838054;0.34445497881792897;0.32839680711750496;0.12759651038604153;0.24755653886568488;0.4000759490919549;0.3019300346672399
kernel:rbf | gamma:scale | nu:0.035;0.44181301552879215;0.5053763440860215;0.48965887724952994;0.2930582292172808;0.11754352278545827;0.29316186042172837;0.1685851925183603;0.16903879516489018;0.2572359156419066;0.29610884820578665;0.3520541851485943;0.34584997026590775;0.3290900097375018;0.12719497264304241;0.2507126031180277;0.4029737903225806;0.3024660082534631
kernel:rbf | gamma:scale | nu:0.04;0.44181301552879215;0.5053763440860215;0.48965887724952994;0.2933081939501528;0.11714900652661697;0.29288044219221304;0.16848944930519816;0.1715473855610432;0.2584292976449839;0.29411390416651756;0.35064935064935066;0.347823024349074;0.3308202726561261;0.12878606057696923;0.25305359850530706;0.405161028479802;0.30306620321423117
kernel:rbf | gamma:scale | nu:0.045;0.44163625510951937;0.5053763440860215;0.4898314701812716;0.2933081939501528;0.11714900652661697;0.29288044219221304;0.16990339992123735;0.17261906771086238;0.2611055257670539;0.2940448530678942;0.35182174335379574;0.3479369535225661;0.3310276274649667;0.13116441249433577;0.2560904145869345;0.4112195624032342;0.30419470452116726
kernel:rbf | gamma:scale | nu:0.05;0.44181301552879215;0.5044640794219437;0.48965887724952994;0.2940574044051172;0.11714900652661697;0.2951349971372551;0.17015699519439242;0.17190484065616957;0.26229104622599075;0.2952941249893384;0.35439352692075016;0.35092619305117234;0.3337733213804509;0.1350915058784974;0.25874409797001546;0.4133750980633867;0.3055142581624637
kernel:rbf | gamma:scale | nu:0.055;0.44163625510951937;0.5042374808593217;0.48931499297346653;0.29569040390562673;0.11951195119511951;0.2973881530297099;0.17201757350456234;0.17235092834905386;0.2629372205633107;0.29713807125656777;0.3564913003504063;0.35470779220779225;0.3365904549576587;0.1428291536050157;0.2636647250478438;0.4160419744586078;0.30765927696084894
kernel:rbf | gamma:scale | nu:0.06;0.44163625510951937;0.5042374808593217;0.48931499297346653;0.2968248700077442;0.12145605936076567;0.29737921170793213;0.17377323637007552;0.17199320238960913;0.26592819042623544;0.29776014201430584;0.35832685943728265;0.3565056305757325;0.33761520981861637;0.1482063338864655;0.26582725047378775;0.41817157279873374;0.3090597811380996
kernel:rbf | gamma:scale | nu:0.065;0.44163625510951937;0.5033367964713205;0.48880233690360275;0.29607556823326997;0.12418686211476425;0.29821875159495737;0.1778540548753617;0.17368870506409861;0.2691440385470734;0.2982830047277965;0.3608702574276827;0.35787017077727296;0.33815200976427146;0.1535332180152476;0.27368973949671993;0.41919292064402475;0.31090841811043646
kernel:rbf | gamma:scale | nu:0.07;0.44163625510951937;0.5033367964713205;0.4882933560009343;0.29632544775550373;0.1261293098150083;0.2976591813801116;0.18200775048664292;0.17669156299898242;0.2717622549856663;0.2995881560923801;0.3640958308544936;0.3602527688894622;0.3411250192443682;0.15993533304778346;0.27798714367863303;0.41997579363754356;0.31292512252802207
kernel:rbf | gamma:scale | nu:0.075;0.44163625510951937;0.5033367964713205;0.4881244881244881;0.29695989540885626;0.12845138055222088;0.2968189021877218;0.18634926538962246;0.1809139342197012;0.27353060771072013;0.30141059173317236;0.3663922063150607;0.3624920616827604;0.3427922298215185;0.1624943658711886;0.28051133533725436;0.4234354820584897;0.31472811237460097
kernel:rbf | gamma:scale | nu:0.08;0.44163625510951937;0.5037860071877125;0.4879560080492519;0.29645931661098446;0.12957871609859173;0.2998945242553331;0.19124129675449414;0.18440843472311208;0.27526123747947695;0.30483190976016;0.3691397939629978;0.3637063996308357;0.34664316871684975;0.16657459834828636;0.28258274707456754;0.4295392970416697;0.3170774819252402
kernel:rbf | gamma:scale | nu:0.085;0.44181301552879215;0.5058360759431119;0.48778791084174317;0.29795970979265646;0.12957871609859173;0.2996000733460167;0.19448757763975155;0.18649473272463746;0.2770071458596049;0.30714301676705097;0.37142295808940645;0.36362090167376265;0.350926503244384;0.17025873650577628;0.28696887617135947;0.4310974947308954;0.3188752153098463
kernel:rbf | gamma:auto | nu:0.05;0.31237305348679756;0.33756620145366484;0.39657467388410683;0.16626131528481047;0.07618042188348303;0.13276447803302022;0.12108173275795991;0.11554891410527872;0.18488303333429498;0.22629381506753965;0.2570827559725538;0.28119988499198156;0.28671768959364385;0.1291987460461943;0.22192145056895793;0.38666033496695273;0.22701928133945254
kernel:rbf | gamma:auto | nu:0.1;0.30242065440513244;0.44534047413260897;0.4457337448461213;0.24279320254703235;0.11675421253837799;0.24021492773882222;0.1723164714330942;0.16150375939849623;0.24272942175755474;0.2796668503964007;0.3298170800134665;0.3427077916534076;0.33592396142409114;0.18154787016817925;0.27675303751690183;0.42825995365493996;0.2840302133515392
kernel:rbf | gamma:auto | nu:0.15;0.31687591577728663;0.4763218600346373;0.4886639847358233;0.2767899513392194;0.14015869778937085;0.2917536416901662;0.21880911935161482;0.19026130582514553;0.2811632525280212;0.322728164207725;0.3712898277627461;0.38085475867360197;0.3700751043217083;0.23988607118197225;0.3186531855596604;0.4585653926311013;0.32142813958811256
kernel:rbf | gamma:auto | nu:0.2;0.33943763674123084;0.4813767090994814;0.48536967748735244;0.3006574887304424;0.17236915184455057;0.3381798383605782;0.25431305329971443;0.21836496124409904;0.309136729402294;0.3531034564172613;0.42893997823253566;0.4093727935915386;0.3967903127582757;0.26543365823671855;0.3506467854299953;0.4759274987773613;0.34871373310333936
kernel:rbf | gamma:auto | nu:0.25;0.42466577597859834;0.4837777146839429;0.484241638235163;0.3228218138972941;0.20668517301090938;0.38654655702663204;0.3075180670909287;0.2579592692306478;0.3372759476063191;0.3826256544734461;0.45810721879395894;0.4314774133481857;0.41695058067873075;0.30544911097486205;0.3774991577929782;0.483387322364803;0.3791867759492125
kernel:rbf | gamma:auto | nu:0.3;0.4364166896862667;0.4956825975814401;0.48667685372048675;0.3522452416061982;0.25946677591414435;0.4232419814234716;0.346031961564651;0.2818749977835648;0.37129344643795514;0.40446029186120963;0.49356494656255634;0.4511250035603898;0.4301055278209959;0.3323329824323101;0.40277693987411334;0.4898769470368117;0.40357332405416035
kernel:rbf | gamma:auto | nu:0.35;0.46118987029854874;0.5053013290137319;0.4880674816871859;0.3724899598393574;0.2900164276102125;0.4464387640802728;0.3747490391785694;0.3050824222191758;0.38961906707761046;0.42112279662272256;0.5051875498802874;0.4684358876955991;0.44882982109850666;0.3483470539201715;0.43510287131479675;0.5010930037885946;0.42256708408283394
kernel:rbf | gamma:auto | nu:0.4;0.46524596198520596;0.5093324559681869;0.49081046893675867;0.3953668520432842;0.32277087428543644;0.4628526651247379;0.40838282241118096;0.3361391566540271;0.4077860289217285;0.43283795312600604;0.5113752377219382;0.48437315721193536;0.47194825051841355;0.3675399744763907;0.45350006641492246;0.5044251111631054;0.43904293981020365
kernel:rbf | gamma:auto | nu:0.45;0.47299919895878245;0.4955309351050995;0.49140893470790376;0.4161263728855348;0.35180915913782473;0.4864833772826655;0.43302175408483123;0.36074141810354454;0.42843732408602136;0.44876041552688556;0.5120131249938229;0.4935184992002565;0.49098016858736815;0.3752089025448546;0.47237589086142995;0.5059212695898011;0.45220854660353915
kernel:rbf | gamma:auto | nu:0.5;0.47993849334428496;0.49268491778056245;0.4852789787934939;0.4257619765032184;0.3835602204716354;0.491984158552825;0.4577505521085288;0.38202492257135795;0.44550251686713943;0.45067407084284145;0.5025997453310695;0.5041189184943808;0.5076495708777313;0.38804192397246406;0.4872422688355309;0.500171447313495;0.46156154266628496
kernel:rbf | gamma:auto | nu:0.55;0.48990221156923264;0.485384932070811;0.4858083093377211;0.4424783732164925;0.41462664798238336;0.49241819632881084;0.4761305896369527;0.40621233846776394;0.456154092871509;0.46340935195319;0.5059548903878583;0.5145530145530146;0.5034109420661557;0.4004914530441872;0.4945197516407046;0.49374568986749423;0.4703250490621426
kernel:rbf | gamma:auto | nu:0.6;0.5001999200319872;0.48696901292838085;0.486652977412731;0.45145091233686896;0.43081078158217523;0.49896963679505796;0.479811307768297;0.42980566389310115;0.4725407320611539;0.4700642770147027;0.49888289785723244;0.5235395451274559;0.49985766874626;0.41795972389174463;0.5009451487794544;0.48368211090370605;0.47700889482064435
kernel:rbf | gamma:auto | nu:0.65;0.5076592388362351;0.4879147890208931;0.48707427164546574;0.46968871453997313;0.444358498349835;0.49728260869565216;0.48473748473748474;0.4411547882333357;0.4843381443190788;0.48168787880405173;0.49334628226531396;0.5219068967971514;0.5033142485596114;0.43246132420596284;0.5067942653572293;0.46890713592868816;0.48203916064349767
kernel:rbf | gamma:auto | nu:0.7;0.5091091289903221;0.48885708444080966;0.487389788804593;0.4786379141388668;0.4671221941643691;0.5020462241103809;0.48533087972707833;0.4627024622662087;0.4938085912146336;0.48898501996087085;0.4910284926060321;0.5282739007079782;0.4862558325073133;0.44125587798816357;0.5057578421861104;0.4468130899422786;0.4852108952347506
kernel:rbf | gamma:auto | nu:0.75;0.5142740747704553;0.48948335715744334;0.4875999180159869;0.4925341410276848;0.48591133420508714;0.5097243512386163;0.4923067414440642;0.4719503580087825;0.5028852984579075;0.48779901940005366;0.4933645397348627;0.5440718203515736;0.4705816595316557;0.4546711527872251;0.5070002387156739;0.42886758460944535;0.4895640993410324
kernel:rbf | gamma:auto | nu:0.8;0.5068756649979627;0.4901080970834183;0.48770491803278687;0.4908113266838142;0.4914532590927915;0.4970688821517687;0.4997921416049571;0.4946772672146611;0.5053241598715098;0.486402936860785;0.48304383788254757;0.5430286735777067;0.46798177358231363;0.4657622824849749;0.49770761015332626;0.4077059943323166;0.48846555160047755
kernel:rbf | gamma:auto | nu:0.85;0.5052736097320493;0.491145939344596;0.4878098750256095;0.4921144079123229;0.4963648942612705;0.49370369920329216;0.4882083196855552;0.5148079722686784;0.5135739402987187;0.4897216378008501;0.48442977933594555;0.5286635615054438;0.4647131594550871;0.4789140189182634;0.482603894030141;0.39549202255858235;0.4879712957085254
kernel:rbf | gamma:auto | nu:0.005;0.2981788793084168;0.3271787797326073;0.22552971453207116;0.12013821245756019;0.06715460175923572;0.15083575217695927;0.10145278202380678;0.08284318132971631;0.13446749703366045;0.17058504837019156;0.1668381802619419;0.23718928123135175;0.24528404625764186;0.08436010080698182;0.1690889471727727;0.34343982866236;0.18278530206982974
kernel:rbf | gamma:auto | nu:0.01;0.2981788793084168;0.32541414448091993;0.22642463970241783;0.12050648564333066;0.06715460175923572;0.15083575217695927;0.10186190228609551;0.0840753151325823;0.13019904118647574;0.1626972163601648;0.17152007418540324;0.23843698172522038;0.24410142877641802;0.08312257580736129;0.17209396108478678;0.3469515711545941;0.1827234106731489
kernel:rbf | gamma:auto | nu:0.015;0.2969618747873913;0.32651771158608167;0.22642463970241783;0.11976968429072676;0.06774334224396944;0.1477879071864576;0.10186190228609551;0.08315172684845909;0.13291906577731186;0.18342146889150795;0.1704765684596829;0.24944017066847507;0.2442847986625723;0.08968465266020428;0.17451980741535023;0.3500461701172667;0.18531321822399816
kernel:rbf | gamma:auto | nu:0.02;0.2969618747873913;0.3349516177301899;0.23122854157336914;0.12810465761436274;0.06774334224396944;0.13587556608151574;0.10063365320049597;0.08979673755600373;0.13678220258605164;0.19575299177453634;0.21687068880573637;0.26054226259478885;0.24688556552287763;0.09482689565677117;0.1816148962014223;0.35510720397988793;0.19210491861933562
kernel:rbf | gamma:auto | nu:0.025;0.29647430059903246;0.3380742607619189;0.24266158711062655;0.13279425254573066;0.06992794828029678;0.11953787459243123;0.10063365320049597;0.09271681425566905;0.14160670725457639;0.1972518972384978;0.22844522190900382;0.2650685773121423;0.2627942203066872;0.1066505543569517;0.1867273910214704;0.35933808018966307;0.19629395880844963
kernel:rbf | gamma:auto | nu:0.03;0.29744900695400345;0.3391885353040243;0.27438630698119904;0.14346047757748426;0.06992794828029678;0.115872685666736;0.10308749129490805;0.09784513867409012;0.1538713252723845;0.20934272281325567;0.23865538787827198;0.2643495881238712;0.26356594728940264;0.10793626959038385;0.1969726229065305;0.36502142396401605;0.20255830491067864
kernel:rbf | gamma:auto | nu:0.035;0.29720549604067115;0.33881940146193607;0.31868279518780906;0.16390445471706527;0.07166966703885391;0.120772427423324;0.10797202600273545;0.1015962214057486;0.1668795975197343;0.2163682864450128;0.2420605637416321;0.26876465172304986;0.2667013273306056;0.11542662361822917;0.20222267977490974;0.37370208857376425;0.2107967692503176
kernel:rbf | gamma:auto | nu:0.04;0.29720549604067115;0.3345567051632137;0.35069926486345465;0.16424179644145548;0.07316506317143441;0.1299887246538715;0.11199943167963627;0.1015962214057486;0.17252862552624204;0.2199130336258065;0.2493584672032757;0.27142269342667236;0.2732855942795091;0.1195254766363425;0.20411468699345467;0.37619848604176237;0.21561248544703446
kernel:rbf | gamma:auto | nu:0.045;0.29720549604067115;0.328509155157349;0.3772925899365942;0.16639714989448035;0.07402821845914129;0.129591087012731;0.11637610680992813;0.10984489937526715;0.17714261445680796;0.22073288330144938;0.2540747829990323;0.27717397826321744;0.2805174700928289;0.12115936240891778;0.20923396803991295;0.3852915769605488;0.22028570870055486
kernel:rbf | gamma:auto | nu:0.05;0.31237305348679756;0.33756620145366484;0.39657467388410683;0.16626131528481047;0.07618042188348303;0.13276447803302022;0.12108173275795991;0.11554891410527872;0.18488303333429498;0.22629381506753965;0.2570827559725538;0.28119988499198156;0.28671768959364385;0.1291987460461943;0.22192145056895793;0.38666033496695273;0.22701928133945254
kernel:rbf | gamma:auto | nu:0.055;0.3138386558932923;0.34711831951686356;0.4194299762708372;0.17079971814474754;0.0778963667674812;0.1417691702360267;0.12186497795901098;0.13033265296064528;0.1873065015479876;0.22914692204498227;0.26085142887834645;0.28596698311329916;0.2954532177726821;0.13670662618868856;0.23268950728904964;0.39265378085412045;0.23398905033987882
kernel:rbf | gamma:auto | nu:0.06;0.3161764705882353;0.3643230601170577;0.4272766274715617;0.20081841432225064;0.07960717089347795;0.14430712090163936;0.13076385207041485;0.13497855450995455;0.19879879646805285;0.23127930284200904;0.270601711474968;0.29101850073618846;0.30208573906830016;0.14213426751070413;0.23636468950324263;0.39494458050913883;0.24159242868669975
kernel:rbf | gamma:auto | nu:0.065;0.31687591577728663;0.3736554342571925;0.43589708694261664;0.20649039976472072;0.08136289545445226;0.1730228823765556;0.1337962906627403;0.13808226264530157;0.2058959470873884;0.24105639646948715;0.2737129348686029;0.297079951631415;0.3041482098347911;0.14561600565758276;0.23959695838783354;0.3976406735587482;0.24774564033604468
kernel:rbf | gamma:auto | nu:0.07;0.31336991454293506;0.38111290645465723;0.43410153366685805;0.20903642804302383;0.09029332977295035;0.1794055713619778;0.13869583734220836;0.14036867138455392;0.21020286468791452;0.24741473641866651;0.28209551307146896;0.3044421465748744;0.306667851327053;0.15251645367087277;0.24318256292624982;0.4048196499491939;0.25235787319971614
kernel:rbf | gamma:auto | nu:0.075;0.30936950215784476;0.39072076402806133;0.43476060765926294;0.21375561744414204;0.09693283661038282;0.18665158826299205;0.14166273746062585;0.14263811931787618;0.21643904383454574;0.25014896817825943;0.29580899866787674;0.31003670877327016;0.3112321838724895;0.1600871490690305;0.24709158118769103;0.412057580035455;0.2574621241599879
kernel:rbf | gamma:auto | nu:0.08;0.30747683430540884;0.40469766350257047;0.4364206596298737;0.22218051406127082;0.10106177925917889;0.194562693498452;0.14973772154724163;0.14636904147973803;0.22454136287405588;0.256495412077668;0.30442241545846765;0.31613108707545545;0.3166587851686622;0.1656428893858875;0.250988599022188;0.41686658701712465;0.2633908778352027
kernel:rbf | gamma:auto | nu:0.085;0.30467161021747696;0.4203780439469234;0.4408886143622403;0.23155895428112777;0.10635367337442772;0.21337704811733285;0.15772074337584885;0.15379136726159837;0.22998583761862956;0.26778950216450215;0.3089197060803184;0.3245759784481843;0.3235395773420289;0.17216152476295904;0.2594838898918991;0.4232722902935669;0.2711542725961915
kernel:sigmoid | gamma:scale | nu:0.05;0.2907696051797519;0.1414213861836528;0.41584235532362335;0.22155701481610326;0.11037950314375243;0.10932410423452768;0.11953787459243123;0.09655110686699615;0.31609725045090775;0.2407081609530059;0.19572645359471358;0.22147692654766105;0.19038523133511043;0.10581398625403143;0.16795665634674922;0.35760159151389637;0.20632182545855715
kernel:sigmoid | gamma:scale | nu:0.1;0.43058348856151807;0.2887578479105645;0.4870908252650991;0.31765389082462253;0.18960029263134084;0.15395245212780959;0.22793380638566468;0.15019437401443372;0.4032162543847661;0.3064665652166308;0.3032275131441996;0.29647176186521584;0.25515232974910396;0.14259134102875276;0.2159331979887546;0.3830051656770061;0.28448944417346766
kernel:sigmoid | gamma:scale | nu:0.15;0.41004148085391173;0.3603707044338977;0.4869525439701733;0.3478072106588473;0.23994337207563476;0.2140418257836761;0.2947955914650118;0.16936972786641313;0.43344933690353127;0.34804623878214846;0.39711822511605477;0.367815149477689;0.3060822254771227;0.15627000705257363;0.2563716700819672;0.41374198418257363;0.32513858088632663
kernel:sigmoid | gamma:scale | nu:0.2;0.478620220551668;0.4420908859411533;0.4875074823907571;0.3785770722120415;0.320294434141539;0.2547237146088678;0.38473164786969855;0.22340458127735197;0.45277831143921665;0.3943572044246668;0.4481029319271413;0.41609736159422106;0.3453212290502793;0.1902695256065497;0.2931601558282143;0.43414233740384534;0.3715111935167007
kernel:sigmoid | gamma:scale | nu:0.25;0.48565301290782903;0.44331033178704227;0.4876469923111714;0.406538870906599;0.4100877192982456;0.3128634045051268;0.43725434521524636;0.24925036472647205;0.4704807329897995;0.41036175731812913;0.4786821083699593;0.44798656937836867;0.37348557494450874;0.22023499513974865;0.32723927634049405;0.4564171899468231;0.40109332788034774
kernel:sigmoid | gamma:scale | nu:0.3;0.49662114010221414;0.4518564929796363;0.4877868245743894;0.42108804345739587;0.4373221658259452;0.34559428366197836;0.462718180730526;0.2815975240245973;0.4800664451827243;0.4246705672245789;0.5040505656318894;0.469309808585812;0.398643605303527;0.25123152709359603;0.36176325760702327;0.46859511878767657;0.4214322219233444
kernel:sigmoid | gamma:scale | nu:0.35;0.5014664555952337;0.46442302679595454;0.4882083196855552;0.4357536575701797;0.46792307661507293;0.38784115859421575;0.47162432735431015;0.2992153468280881;0.48798267407844326;0.44599730984030356;0.5063463712603562;0.4861336130497397;0.41746925949131564;0.27323627677233087;0.3891907613250408;0.478786551373267;0.4375998866393379
kernel:sigmoid | gamma:scale | nu:0.4;0.5049756427282218;0.47124623997326204;0.482829954489036;0.45304670628255256;0.4977145514779923;0.4163884837636229;0.47401641068798656;0.33833066842820175;0.4978882614883166;0.4548269131537029;0.512835502497359;0.4940031358068109;0.4349559937775069;0.31111020790005034;0.4098721982260616;0.48288576347543133;0.45230791463475717
kernel:sigmoid | gamma:scale | nu:0.45;0.4929453262786596;0.47397944513080664;0.48336433147344493;0.46687426233769713;0.5061544078702483;0.43317489009395016;0.48255359385257024;0.3602323476052492;0.5017890507210307;0.4606327161753066;0.5170693047781126;0.5008981380925333;0.4390822810818274;0.329138476552224;0.431591032661732;0.4876890769090301;0.46044804260090144
kernel:sigmoid | gamma:scale | nu:0.5;0.4887525562372188;0.480051868917677;0.4836844279223461;0.4706028898854011;0.5168834747325485;0.44467194115647307;0.48676276918909744;0.38720192840687756;0.5063332436624636;0.4714019495412844;0.5169293035131165;0.5072195261048995;0.45694615837715524;0.3538463992297632;0.4413848270166398;0.49449483378491943;0.4691980061048676
kernel:sigmoid | gamma:scale | nu:0.55;0.49031600407747195;0.4757107016208708;0.48432343234323433;0.4811212269098946;0.5169306157782054;0.46040477943007674;0.48567171274315746;0.4063155146396367;0.509646018197638;0.4805909134033965;0.5171885454240915;0.5116008054578983;0.4704114356932243;0.3728895320791124;0.45787851317615347;0.49948060288318274;0.47628002211607784
kernel:sigmoid | gamma:scale | nu:0.6;0.49052374159364176;0.4853280429689853;0.4849608570251339;0.4843043053595261;0.5177516437312618;0.469241596419508;0.4858156028368794;0.43137050241285885;0.5086252645233993;0.4835210809838945;0.5091431623388184;0.5093938627076069;0.4684077150644758;0.39091371907888217;0.4637290492446045;0.4935083599435077;0.4797836566395615
kernel:sigmoid | gamma:scale | nu:0.65;0.49052374159364176;0.4896078054963907;0.4852789787934939;0.4835434173669468;0.5087698484786695;0.47712521392124546;0.4904961056854435;0.4481029319271413;0.5128271299987887;0.4917318198002322;0.504844369672708;0.5045862307410908;0.4760871299266751;0.41604090785486314;0.47216042587006274;0.48618528151488505;0.4836194586651424
kernel:sigmoid | gamma:scale | nu:0.7;0.49052374159364176;0.4912286102246803;0.48559670781893005;0.4792751510102062;0.49168417532284997;0.49311634415583655;0.48948672006745364;0.46833725595491976;0.506148531218169;0.48870351500496817;0.5087756903934388;0.5043592993889316;0.4824507086054876;0.4294027274438509;0.48651955520754525;0.4797960654958944;0.48596279993167524
kernel:sigmoid | gamma:scale | nu:0.75;0.49052374159364176;0.4875597152303137;0.4857025303435507;0.48186528497409326;0.482829954489036;0.5042967759871138;0.48857248573339596;0.4812846123080241;0.5066239262022165;0.4853115288109607;0.5044438241564421;0.4798342209131329;0.4798318545897438;0.44613972899899396;0.4910625620655412;0.46596717914124725;0.48511562034609046
kernel:sigmoid | gamma:scale | nu:0.8;0.49052374159364176;0.4842170414689499;0.48601973684210525;0.48485472903358745;0.4836844279223461;0.50455296963064;0.4915950103407657;0.49136803005360685;0.5081719128329298;0.49006480099605804;0.4918635082304094;0.45444773879859474;0.4811483915600138;0.4657622824849749;0.4932276113099846;0.4576120596001655;0.4849446245436734
kernel:sigmoid | gamma:scale | nu:0.85;0.49052374159364176;0.4909387090205661;0.486336552290939;0.486336552290939;0.4840041279669763;0.5047367924764977;0.48895321264452407;0.49447554106768016;0.5064223166794416;0.49723953952697186;0.49232335712978215;0.45692774754822746;0.4675573723364722;0.48614900073686074;0.4926290512930711;0.4367565783624785;0.4851443870603168
kernel:sigmoid | gamma:scale | nu:0.005;0.2898852780041655;0.04695602074130978;0.16358152536609333;0.059262461770027704;0.0583804143126177;0.06156156156156156;0.05748635100604605;0.06194744849705991;0.09547899590163934;0.0627813761304974;0.0557881270348668;0.15364483490838668;0.14155721521160614;0.06798922209881114;0.12933496532027744;0.30905275014575906;0.11341803425067035
kernel:sigmoid | gamma:scale | nu:0.01;0.2898852780041655;0.04695602074130978;0.16426913098019258;0.09232317423346711;0.05990530653348953;0.06201257794936587;0.06365914786967419;0.06686092013533528;0.12477983492739672;0.09988708983654909;0.0713764339605687;0.16105877591768814;0.1502724926260312;0.06698666104340625;0.13495993447199323;0.32692755273400437;0.12388252074778985
kernel:sigmoid | gamma:scale | nu:0.015;0.29101803441362195;0.1420932665792496;0.20377177227350568;0.0879906610243689;0.06999774233934691;0.06784423926134082;0.07285664007733833;0.07217402982617524;0.17366442006178967;0.13119708710001435;0.09229412518676178;0.17172289023174528;0.15451128794727087;0.06934021885004994;0.1381448776019235;0.32906597145589644;0.14173045401439993
kernel:sigmoid | gamma:scale | nu:0.02;0.29101803441362195;0.14175743843876593;0.16710302289950163;0.1612665133719925;0.07072973453177928;0.06873625583163778;0.08568317560967799;0.07233002302610839;0.20336055804188935;0.166134489111961;0.09066017990926284;0.18247808550756012;0.15671063509756478;0.07569062325663532;0.14279094910803924;0.33806563081059243;0.1509072093104119
kernel:sigmoid | gamma:scale | nu:0.025;0.29013346552330826;0.15274304605042113;0.25263171376013704;0.19202919305115812;0.08067249107711535;0.07897051919759046;0.0852622090873615;0.0784500002004241;0.2374760235832697;0.1971663741990914;0.10915880750325896;0.18526408872686329;0.15939609451515727;0.08246932528130657;0.14480292638940911;0.34308560345327477;0.16685699259994669
kernel:sigmoid | gamma:scale | nu:0.03;0.29013346552330826;0.1661671804703826;0.3580646408199102;0.17555148964401968;0.08291475800803638;0.08115295580105181;0.0928224689986985;0.08105311873659352;0.25394054292729057;0.21231658141647403;0.14332367324208173;0.1936349179445172;0.1595277450361619;0.08696750726578271;0.14854279180654892;0.34397255117174563;0.17938039930078775
kernel:sigmoid | gamma:scale | nu:0.035;0.29013346552330826;0.14824514232799405;0.3599063365547787;0.20378047974149133;0.08842275277592687;0.09549679928389293;0.09736892644516996;0.08857103315358908;0.27007347843801216;0.2188905792478448;0.15591332908425512;0.2024577465120629;0.17547444895493314;0.0899947507403059;0.15094951066174087;0.3508248906620268;0.18665647938170832
kernel:sigmoid | gamma:scale | nu:0.04;0.2907696051797519;0.1079624642803773;0.3932537521958436;0.21809652561314744;0.10995884449696955;0.09718746872184966;0.1047633311060421;0.09153819679500762;0.2811632525280212;0.2319402340954065;0.1741780593015118;0.2054555690754227;0.18117838751317683;0.09391901895223391;0.15695159519314422;0.35221701984095466;0.1931583328055538
kernel:sigmoid | gamma:scale | nu:0.045;0.2907696051797519;0.11039743075070253;0.40639954989203214;0.2145469363545202;0.10956352772209549;0.10431790807084004;0.10799086582646605;0.09658929436298938;0.30591174558523;0.23821704162124582;0.18774222109462577;0.21180101080549157;0.18748011145347437;0.09520117775247491;0.16213346971669457;0.35335664662604593;0.19890115892591753
kernel:sigmoid | gamma:scale | nu:0.05;0.2907696051797519;0.1414213861836528;0.41584235532362335;0.22155701481610326;0.11037950314375243;0.10932410423452768;0.11953787459243123;0.09655110686699615;0.31609725045090775;0.2407081609530059;0.19572645359471358;0.22147692654766105;0.19038523133511043;0.10581398625403143;0.16795665634674922;0.35760159151389637;0.20632182545855715
kernel:sigmoid | gamma:scale | nu:0.055;0.2921148240286991;0.19013548034950645;0.4858273796077453;0.2360501084517421;0.11037950314375243;0.11634896031594785;0.13156425367992644;0.10818296740694816;0.3316009847332353;0.2456837175892948;0.2117893157287381;0.22724307403510943;0.19409694973359215;0.10835260700409037;0.16934162041015904;0.36121866852525875;0.2199956509214841
kernel:sigmoid | gamma:scale | nu:0.06;0.32474328610538544;0.1882258770936221;0.4833029408822393;0.24898707921187818;0.13405362144857944;0.12559104605231158;0.13386729374034206;0.10738277267155735;0.33056432808113734;0.24686740016965827;0.22731485881323113;0.2375591856746057;0.20188570810052986;0.10793626959038385;0.17447394549612144;0.36398692560232726;0.2272964086708694
kernel:sigmoid | gamma:scale | nu:0.065;0.3484562245131405;0.18618670058430484;0.47121384304473146;0.27798724050430373;0.13405362144857944;0.12557985335982141;0.14992419456018816;0.1211998593919775;0.34629475533365695;0.25199933822371773;0.22958093640554267;0.24040450027779492;0.20887907813187406;0.11827303131650958;0.17664193534055633;0.36470297854539785;0.23446113068638108
kernel:sigmoid | gamma:scale | nu:0.07;0.37399742999578767;0.18779921673951563;0.47116266792490324;0.29174799745904745;0.15224358974358973;0.1298985113623653;0.164027853531898;0.11959647838591354;0.35639873323157784;0.26723266626238124;0.23895871402584654;0.25212118333045525;0.21733065925322265;0.12315454433157814;0.18000627683277645;0.3664056071366768;0.24325513309672095
kernel:sigmoid | gamma:scale | nu:0.075;0.3933287085315126;0.20043846549637853;0.4818202484588331;0.2964491644312119;0.15373548848695598;0.13383023072522215;0.1650225496122797;0.13151315131513153;0.3619108618100234;0.2694919056664639;0.24710596497938714;0.2598441529130723;0.226447449088218;0.12235450285742813;0.18458503214800637;0.3724366998265147;0.25001966102166495
kernel:sigmoid | gamma:scale | nu:0.08;0.4282190086816071;0.21557133415894242;0.48096998943957836;0.2974738555182347;0.16691225900649712;0.1322488030314402;0.17468123219488435;0.13618978314562633;0.37444267886743865;0.27755048477212413;0.2589449117231733;0.268087527122402;0.2325149603503449;0.127598743742191;0.19273245652276189;0.37547151886354874;0.2587255966962997
kernel:sigmoid | gamma:scale | nu:0.085;0.4352746136787292;0.23344947735191637;0.48500592471060067;0.3091603900487597;0.17413614640914396;0.14001348766189475;0.18842895827532072;0.13854514719634659;0.37274819422950906;0.2841037175147637;0.2711547955474923;0.27668149149556664;0.23513649970270437;0.13079318541857368;0.19956677153037058;0.3792330368041801;0.26583948984849204
kernel:sigmoid | gamma:auto | nu:0.05;0.475598122771836;0.38254000829795154;0.49135523860113345;0.3319402604487879;0.2037972670918592;0.11633764878449823;0.2995682404053084;0.12239494499488317;0.41546666666666665;0.29661181251289837;0.3068450695569339;0.2985080671172115;0.20048309178743962;0.09048598659272171;0.1779469716274269;0.356106175712936;0.28537409831065574
kernel:sigmoid | gamma:auto | nu:0.1;0.477412714637227;0.39351928024410676;0.49135523860113345;0.3991981015992658;0.30612723688868504;0.16821953742418524;0.4473148550004509;0.17136334548452872;0.47523424703587114;0.3590533043029017;0.44749644927763965;0.4186727010261012;0.260795742183475;0.11259497394277973;0.23829031380518795;0.39519704307405623;0.3476153177829747
kernel:sigmoid | gamma:auto | nu:0.15;0.49029185062079694;0.4199151637475883;0.49168417532284997;0.409300397725977;0.34583886806774516;0.24466338259441708;0.4675573723364722;0.2102272727272727;0.48180055706937425;0.3983880789102116;0.4961382247211868;0.4573350695928796;0.31178911674886606;0.1374918069722666;0.2873813618948304;0.4264765012194318;0.3797674500170104
kernel:sigmoid | gamma:auto | nu:0.2;0.5034266936189993;0.41133956830577956;0.49201537986584715;0.4271901696060046;0.4228211671869341;0.284041753406144;0.47776095279939745;0.2474240459110095;0.4850863477328023;0.41996270102645755;0.5252794831538515;0.49333365874831525;0.34601765524007844;0.1613764869039302;0.3103128740563604;0.457530246241308;0.40405744898770124
kernel:sigmoid | gamma:auto | nu:0.25;0.5005486863246916;0.4465326291350676;0.49268491778056245;0.438400007410804;0.469542414705061;0.31891125374468254;0.4782227480198684;0.26852461414673395;0.4870601919162547;0.4332725866084531;0.5257773651501768;0.49868959792574075;0.3917501010021756;0.18208329133220505;0.33741363263746355;0.47758843143161855;0.42168765432947247
kernel:sigmoid | gamma:auto | nu:0.3;0.5096227972940301;0.45994137109451416;0.49268491778056245;0.45692568643388315;0.5008382616960608;0.35183659677449075;0.4775913622693862;0.2998087753620989;0.4841583407201242;0.4424625638177429;0.5273669766732734;0.5044564741907261;0.4177748530015042;0.21819134778940558;0.3623612720470938;0.48136414433955504;0.43671160883027826
kernel:sigmoid | gamma:auto | nu:0.35;0.5046114589453264;0.4601772381345488;0.4930234228972639;0.46253991648243675;0.5254934867737553;0.3685832869977911;0.47842873865820823;0.33150512763813367;0.48686371100164205;0.45387572857592945;0.5214925403205497;0.5059575704736995;0.4233618233618234;0.25342661945478817;0.3928412210162623;0.4925564826761346;0.4471711483380183
kernel:sigmoid | gamma:auto | nu:0.4;0.4926330316191095;0.46220148263900185;0.48229447090494926;0.4742101212485237;0.5078798987866351;0.397988951160961;0.4808008892515935;0.3652663115189575;0.48863018169948863;0.45645119418483904;0.5236089380992498;0.5060217981858963;0.44402690254572086;0.2748093194717242;0.4088677418525891;0.49750106550975715;0.45394951866743727
kernel:sigmoid | gamma:auto | nu:0.45;0.49538461538461537;0.46623308369465244;0.4826158940397351;0.48119776425205046;0.49486710834127334;0.4224190721087243;0.4832181273688262;0.3950535615034385;0.4918597640182122;0.4693578973499476;0.5333340875408686;0.5077243504183737;0.45202636043722483;0.3013545991083501;0.4202664782121734;0.5011706985528145;0.46238021639570503
kernel:sigmoid | gamma:auto | nu:0.5;0.48927477017364657;0.47313708918342257;0.48304383788254757;0.4794734226606788;0.4877129931747608;0.44015337156291495;0.4819902799282728;0.4099751800548269;0.492641412043157;0.47339678577001093;0.5202208841142555;0.5050990136553638;0.4587102471690972;0.31782652276663315;0.44332949837745256;0.5005458556731884;0.46603319776188934
kernel:sigmoid | gamma:auto | nu:0.55;0.49041989400733793;0.48129278560328903;0.4836844279223461;0.4852131053668277;0.4812201701597842;0.4589547466168683;0.4849106928794054;0.42285581590289933;0.48916125655576387;0.48002772616017875;0.5141857753595025;0.4999002897172068;0.46877980015755216;0.34442763489662126;0.4523225161348968;0.49984320243309077;0.4710749899920982
kernel:sigmoid | gamma:auto | nu:0.6;0.49041989400733793;0.48740947377010846;0.4840041279669763;0.488175097046995;0.4826158940397351;0.4820836403151414;0.48396539753429285;0.44858130999435347;0.48511542241130745;0.48943912567223846;0.5114729829755736;0.49152241601247104;0.47425431296399034;0.3570426607705641;0.4568430387230269;0.49449356429785407;0.4754648974063729
kernel:sigmoid | gamma:auto | nu:0.65;0.49052374159364176;0.4851441316237784;0.4842170414689499;0.4869525439701733;0.483577773187358;0.48654103391436104;0.4860166389975081;0.46735009074722256;0.49001016570265804;0.4877250074701016;0.509297520661157;0.4751579297502297;0.47891079661401253;0.3796816479400749;0.4705018093747755;0.48433445455200763;0.4778713954730006
kernel:sigmoid | gamma:auto | nu:0.7;0.49052374159364176;0.4861532576456113;0.4842170414689499;0.4836844279223461;0.4838976052848885;0.4894198400886414;0.48740947377010846;0.4812312571093723;0.4901804317950082;0.48900335213800994;0.5042101934384229;0.4615958471380158;0.47836690734671794;0.4099576005499774;0.47399378789569613;0.468491660901566;0.4788960266304359
kernel:sigmoid | gamma:auto | nu:0.75;0.49052374159364176;0.49157679247866004;0.4845360824742268;0.4852789787934939;0.4838976052848885;0.5002771956375042;0.48890472282100544;0.489592863086839;0.49211400189484195;0.49375144642443874;0.5049160132696167;0.45856935784247854;0.48747300777896296;0.43302175408483123;0.4735549966263859;0.4613802912436898;0.4824605532084691
kernel:sigmoid | gamma:auto | nu:0.8;0.49052374159364176;0.48132780082987553;0.485384932070811;0.4882292732855681;0.4840041279669763;0.5082114892826873;0.4924904700988274;0.4941188197767145;0.493099074375333;0.4968541008865266;0.499271991192869;0.45491122563089786;0.48674242424242425;0.45038763760903433;0.47172507071570957;0.4509107623182365;0.4830120588672583
kernel:sigmoid | gamma:auto | nu:0.85;0.49052374159364176;0.4900040799673603;0.4858083093377211;0.4885433715220949;0.4840041279669763;0.5074031958256279;0.4871134573703298;0.49808545058833115;0.4921489733703936;0.48863295359481845;0.499271991192869;0.45311708579675336;0.4627005173333031;0.4658690310864224;0.4825101532818027;0.42993443171494267;0.48160442947146176
kernel:sigmoid | gamma:auto | nu:0.005;0.4833029408822393;0.3734287355254515;0.5036704562419991;0.13509044425447203;0.07649268830614575;0.06829041849295393;0.06809608302145616;0.07918319019048281;0.12935426894886815;0.08041592583500395;0.07447438792012938;0.16197016498707237;0.14476554796601443;0.06889023284331841;0.13031429316640583;0.3066812938531756;0.1802763170271993
kernel:sigmoid | gamma:auto | nu:0.01;0.4782866093563068;0.3611082669676742;0.5003335123303241;0.13472923928091665;0.08696922477600312;0.07007172127035347;0.06983178743464176;0.07328320802005013;0.23814360472578824;0.16552870251496377;0.08200283770770586;0.17959861126636636;0.14895968701337006;0.06889023284331841;0.14264668786943396;0.32079041648007167;0.19507339686608055
kernel:sigmoid | gamma:auto | nu:0.015;0.4742986247840617;0.35768788274321445;0.5005461769226556;0.18474538790115036;0.1055175644987442;0.07104503140309198;0.09988708983654909;0.09658929436298938;0.3065543455927676;0.19749735903676338;0.10239482979421961;0.19101875289372633;0.14967251154786407;0.07023915457067217;0.14316307482793414;0.3267834091347383;0.2111025306156964
kernel:sigmoid | gamma:auto | nu:0.02;0.47632844130134555;0.3493208359958131;0.5003335123303241;0.24529547960068462;0.09720941668203331;0.07677983372732616;0.13524233392329021;0.10904475995897525;0.3541433794420381;0.2268036159981719;0.14275853087576879;0.2104588824306503;0.1547021477008143;0.07292770634846579;0.14432346050036426;0.330157117777606;0.2266143409121045
kernel:sigmoid | gamma:auto | nu:0.025;0.4729324090378857;0.3554784535732029;0.5007595730867772;0.2662897329704141;0.11359943270363693;0.08567798299761716;0.16743806407177753;0.10239658111941832;0.35313938174661086;0.23348620704222378;0.1836310636095609;0.22106429321608717;0.16021063318326273;0.07444333345534948;0.15332437551601885;0.3388014352355601;0.23641705953533773
kernel:sigmoid | gamma:auto | nu:0.03;0.4778943421946455;0.35629468072216164;0.4971166664902164;0.2913424518309595;0.15448426426660472;0.08345768972986889;0.199449513111274;0.10369654750312265;0.3811823498175701;0.25784456618250656;0.21310104402328633;0.24622921952694984;0.1725566571548539;0.08370927318295739;0.1547162143710862;0.3431276186564162;0.25101269367278
kernel:sigmoid | gamma:auto | nu:0.035;0.4754425357516568;0.35690613125182036;0.4987411902191193;0.30827379324490634;0.17482671360985808;0.09634275459071494;0.2108605148497555;0.11110385699317238;0.3931924440087474;0.2725766822594648;0.22752195786307003;0.2626230049766739;0.18022447194716;0.08290726817042607;0.15784314739716956;0.34752858783818646;0.2598071909357439
kernel:sigmoid | gamma:auto | nu:0.04;0.4763049450549451;0.35751696935212257;0.4983309616808119;0.32455606824864747;0.185460748563185;0.11138374634851138;0.23634502344627173;0.11516375710749113;0.3988507712774712;0.2783272519808746;0.27060558256922396;0.27166018577627576;0.18383603856500097;0.08378216646342804;0.16281253653108269;0.3495756747245608;0.269032026730619
kernel:sigmoid | gamma:auto | nu:0.045;0.4766312483041055;0.3678932995419185;0.49647203813965746;0.3234404891296387;0.19016558390150862;0.11671859678587979;0.2754985353321741;0.1159722768906033;0.40650135081741373;0.2895824018969269;0.29423786348914943;0.28839988614398177;0.19361400409150084;0.08950078995424421;0.17232559671901007;0.35296995893279176;0.2781202450044066
kernel:sigmoid | gamma:auto | nu:0.05;0.475598122771836;0.38254000829795154;0.49135523860113345;0.3319402604487879;0.2037972670918592;0.11633764878449823;0.2995682404053084;0.12239494499488317;0.41546666666666665;0.29661181251289837;0.3068450695569339;0.2985080671172115;0.20048309178743962;0.09048598659272171;0.1779469716274269;0.356106175712936;0.28537409831065574
kernel:sigmoid | gamma:auto | nu:0.055;0.4772304575924484;0.3919263840796603;0.4915194283794061;0.34096001887014976;0.21589723526343246;0.12199873567817937;0.314866863074471;0.13686841937198596;0.43548449499251884;0.3068450695569339;0.33693083817982433;0.31643662062962974;0.20923618567375568;0.09220504596182677;0.1801022929953312;0.35720989462717784;0.29535737405792073
kernel:sigmoid | gamma:auto | nu:0.06;0.4768664853137149;0.39173084480092846;0.49135523860113345;0.357821982580102;0.2203679406153852;0.13308334769526586;0.3221609562904457;0.13998375213603384;0.44367811759521075;0.314020045000285;0.3588372568310686;0.3222888537632073;0.21360636984466133;0.09177575907435002;0.19186569080636878;0.36417144566847826;0.30210088041353994
kernel:sigmoid | gamma:auto | nu:0.065;0.47555555555555556;0.3931466652475635;0.49135523860113345;0.368959557386125;0.24147172778484527;0.13500015043475644;0.36882697410395743;0.15750908703804883;0.45722522907486995;0.3228177046858855;0.3752913752913753;0.3308368462380923;0.2202487787643122;0.09785296212552089;0.19722504516711833;0.3670274058745474;0.3125218939608567
kernel:sigmoid | gamma:auto | nu:0.07;0.477412714637227;0.399761950216037;0.49135523860113345;0.37488559997908116;0.25515185248311567;0.1322488030314402;0.3836115024273243;0.1721396984950447;0.45518968456948;0.33451853287863964;0.3965768231955451;0.3454742370686618;0.2300822148751162;0.10333661255943596;0.1987630408429638;0.3721488123328614;0.32016608238706923
kernel:sigmoid | gamma:auto | nu:0.075;0.47704838163023217;0.40907114169501935;0.49135523860113345;0.3838055336139816;0.26310283502458415;0.14881336736158088;0.3950180116156542;0.1785115336337634;0.4629663876159203;0.33844466019994;0.40545515782112496;0.35198579807665137;0.23227139959328014;0.10249635714400089;0.20508107372122172;0.37908376397250954;0.3265319150825374
kernel:sigmoid | gamma:auto | nu:0.08;0.4768664853137149;0.4035690428476;0.49135523860113345;0.3823546900425526;0.2807066948510821;0.15678239377661343;0.40151386143256607;0.17511918382683947;0.4659081800924093;0.34034671227306434;0.4235391201550148;0.3710123049703361;0.23736721217341372;0.10421293699038603;0.21397693094331094;0.3836361901208969;0.33176669865068337
kernel:sigmoid | gamma:auto | nu:0.085;0.4763218600346373;0.4016492369417995;0.49135523860113345;0.3848527839186895;0.2850881059634992;0.15673050837653035;0.4106273993393447;0.17467295511763842;0.46939986777256887;0.3424361571687413;0.4216434869557313;0.3853121101788136;0.24311935051234937;0.10550180028268544;0.22184748210649285;0.3870393754341829;0.3348498574190524
kernel:linear | gamma:scale | nu:0.05;0.47985347985347987;0.39728137494276194;0.49168417532284997;0.39684092449676295;0.38382141384062857;0.14618675717647442;0.47022817610607337;0.1801022929953312;0.47149000947549996;0.35861165243617676;0.5319825630074904;0.465007905241839;0.22196041591269017;0.07630328710837185;0.22133607999524713;0.4026937706553595;0.3559615174104398
kernel:linear | gamma:scale | nu:0.1;0.47985347985347987;0.42821522117354294;0.49168417532284997;0.4348099816849817;0.3914004889082739;0.22294248276430254;0.47208345083981285;0.22294851899683388;0.47405222995774177;0.3831737387642724;0.5241500519432467;0.4511031285936148;0.2860114661269736;0.0944523451241165;0.2661233310674133;0.4552513128282071;0.379890962746854
kernel:linear | gamma:scale | nu:0.15;0.49020422018495574;0.4110946256671331;0.4918494891691348;0.43966103937703715;0.4441880530529526;0.2883669286797187;0.4721081802683249;0.25316062917150456;0.4751215968300677;0.4053046594982079;0.5299651982395758;0.449702839533348;0.3504295038856126;0.12159100509189213;0.2942904538485594;0.46377141764931684;0.3988006150092088
kernel:linear | gamma:scale | nu:0.2;0.49996666444429627;0.4076250069852664;0.49234893268490126;0.4396937111819803;0.4650462361113348;0.3400830589137596;0.47072348157376964;0.28679332216871445;0.4765944873580685;0.42045131048480977;0.5215796852970697;0.4557024280484445;0.3752832119084475;0.1427385876173992;0.3234672375115562;0.47406112987455507;0.4120099057602733
kernel:linear | gamma:scale | nu:0.25;0.5024905029870274;0.45586640930941674;0.49268491778056245;0.43983059850535833;0.4809795124268071;0.3392004217656278;0.47401641068798656;0.3199200321283722;0.47667116341815136;0.4297155511144231;0.5258113464635203;0.4900639084672642;0.3998600421807722;0.18260959906618876;0.34067567760211637;0.47766941053736234;0.42675409402755987
kernel:linear | gamma:scale | nu:0.3;0.505078654423074;0.4566032013983295;0.49285384970032275;0.4546561512072991;0.5073193863662957;0.36159572860374306;0.474849037943539;0.3413796685592454;0.4798134338125261;0.4478850335545308;0.5362127828063695;0.4948553075685152;0.4231200542878174;0.22294162438363663;0.36611302585773914;0.4919128628979408;0.44107436271068273
kernel:linear | gamma:scale | nu:0.35;0.4988174409212952;0.4546447886969646;0.49285384970032275;0.4685553030209088;0.5057225434000219;0.38031965032572496;0.47518323170054766;0.3727405785246198;0.4818770080094122;0.4559700545616039;0.5312568932809811;0.5031649031729882;0.44381644985364627;0.2583303493202146;0.3881780057377893;0.4973521296165275;0.4505489487402231
kernel:linear | gamma:scale | nu:0.4;0.4926330316191095;0.4622422204707127;0.4820799668531179;0.47599047686844;0.5020523255132766;0.39928970065956365;0.4789065608044625;0.38938533344008985;0.48282357776483886;0.4643676635648371;0.5251689247522245;0.5053796174524084;0.4525680640373713;0.27524110312635997;0.4039107908859631;0.5076700563136611;0.4562318383829023
kernel:linear | gamma:scale | nu:0.45;0.49538461538461537;0.466519491262067;0.4826158940397351;0.4762614164430638;0.505282821999339;0.4313835187462465;0.47993849334428496;0.4127832208395311;0.48627977274434303;0.47346801598267296;0.5228153892036982;0.5023960905034537;0.4563476238868909;0.290865589457327;0.42226993682902547;0.5083290935205154;0.4633088115116756
kernel:linear | gamma:scale | nu:0.5;0.4891704127503065;0.47501521613651626;0.48336433147344493;0.48089027318149374;0.48974198214567943;0.4450035606876541;0.4801187949460299;0.43346254363040004;0.4853062931194173;0.4772484258049186;0.5205261460980158;0.5047565318736356;0.4634606498066203;0.31518556354136085;0.4359370451525618;0.5077233683283165;0.4679319461672732
kernel:linear | gamma:scale | nu:0.55;0.49031600407747195;0.4807987711213518;0.4836844279223461;0.4861572870447039;0.48197264815582264;0.45100052201581164;0.48234926010454243;0.4383511414414688;0.48955319832851174;0.4790971349718588;0.5207093275069739;0.4986699917913068;0.47216495988453694;0.33765212635033504;0.4468675300279176;0.5085275229936539;0.47174199085866336
kernel:linear | gamma:scale | nu:0.6;0.49052374159364176;0.48618958193966455;0.4838976052848885;0.4786235662148071;0.4836844279223461;0.4723712230079346;0.4809773035638774;0.4636176245289226;0.4881316884777271;0.4882446863328156;0.5114729829755736;0.4980085379808115;0.47879502129269846;0.35166922346409524;0.4575835277973874;0.49482659359876724;0.4755385834984974
kernel:linear | gamma:scale | nu:0.65;0.49052374159364176;0.48653644510263866;0.48411060668592654;0.48186528497409326;0.4838976052848885;0.48526926272730736;0.48404354610864103;0.47239331540469565;0.48532810541368243;0.48817152299198;0.5082612116443745;0.4825895829612906;0.48090656055257824;0.38393163485899284;0.469920181819419;0.4844377014998832;0.4782616443515021
kernel:linear | gamma:scale | nu:0.7;0.49052374159364176;0.48666222374322304;0.4842170414689499;0.4832575444398512;0.4838976052848885;0.49237533335392664;0.48312300906640526;0.4918029184247539;0.489419424533265;0.4872341822000525;0.5039781617230933;0.45655867298603797;0.4823529411764706;0.40688396570749513;0.47081992844042214;0.4786531690140845;0.47948499144728507
kernel:linear | gamma:scale | nu:0.75;0.49052374159364176;0.49139551607978704;0.48432343234323433;0.48559670781893005;0.4838976052848885;0.5052117693627127;0.4843116923613971;0.49059758432668765;0.49230368873291164;0.4905704115817181;0.5049160132696167;0.4526896494822936;0.4835214503766361;0.43003128392807727;0.4714377986633021;0.4601558869001887;0.48134276450662644
kernel:linear | gamma:scale | nu:0.8;0.49052374159364176;0.4820799668531179;0.485384932070811;0.4885433715220949;0.4838976052848885;0.5027475514177563;0.48514666931233635;0.4942559030450997;0.49175722628816443;0.49743356071672673;0.499271991192869;0.45286578907476555;0.48591133420508714;0.44390039260505465;0.47358325529864337;0.44742739205292414;0.4815456676583738
kernel:linear | gamma:scale | nu:0.85;0.49052374159364176;0.49041989400733793;0.48559670781893005;0.4885433715220949;0.4840041279669763;0.5032235273337454;0.48335702426218274;0.5043886198547216;0.4912105325973651;0.4890609188927826;0.4994737323814754;0.4507908611599297;0.46439506566906813;0.4585400425230333;0.47814315035591076;0.4300378182249678;0.48073182101026024
kernel:linear | gamma:scale | nu:0.005;0.48057293543743146;0.36653598615600747;0.49168417532284997;0.3868626193097399;0.24199030934045906;0.14458560716649127;0.47027919293680914;0.14556826196893102;0.47405222995774177;0.34167389127697156;0.52;0.452463912394226;0.14763124884408987;0.06889023284331841;0.19955376622553717;0.3660110786887887;0.33114721549183707
kernel:linear | gamma:scale | nu:0.01;0.47985347985347987;0.3661278649775582;0.49168417532284997;0.3875595446464166;0.24137890133873147;0.14952911781664424;0.4732809806550469;0.17235092834905386;0.4709445928958124;0.343076937016935;0.5197143621764784;0.4521933906118121;0.1478352563237981;0.06843990075570855;0.2038853594917668;0.3756185360181462;0.33396708301563993
kernel:linear | gamma:scale | nu:0.015;0.47985347985347987;0.36633195569783306;0.49168417532284997;0.3877590359756733;0.2401541095890411;0.14923431087979183;0.47244253180163837;0.1458125593185723;0.47240181877482107;0.34802911971139927;0.5180282062199383;0.45273442041623063;0.14579039454588189;0.06934021885004994;0.20664450232245518;0.3728230069273122;0.3324414903879355
kernel:linear | gamma:scale | nu:0.02;0.47985347985347987;0.3661278649775582;0.49168417532284997;0.3878561204716739;0.2551006267136637;0.12992635696685367;0.47378512337805107;0.1355967039982174;0.47185431056398797;0.3493888848066231;0.522423060708263;0.45472645821077873;0.14936469554610296;0.07068810525754389;0.20736550701159429;0.36436890347562445;0.33188189857892914
kernel:linear | gamma:scale | nu:0.025;0.47985347985347987;0.36633195569783306;0.49168417532284997;0.39784083582439483;0.3144870221246022;0.17004641318781802;0.47027919293680914;0.14138330714652492;0.4711262618334263;0.34719408403618934;0.522423060708263;0.4512464164053501;0.1636055768731821;0.07113671180950279;0.2035325869981635;0.37834094192732987;0.34003200141785744
kernel:linear | gamma:scale | nu:0.03;0.47985347985347987;0.365923713830951;0.49168417532284997;0.4030600770046722;0.3110759861699491;0.1559812369060924;0.471575811256945;0.17368731170956986;0.47076305914326294;0.35093835768859877;0.5265401032883643;0.45426762715564284;0.17898273453268182;0.07203289444625138;0.1995988474223403;0.373295481958096;0.34245380610560927
kernel:linear | gamma:scale | nu:0.035;0.47985347985347987;0.365923713830951;0.49168417532284997;0.40812487612941173;0.35829846516443303;0.1435066598360656;0.4707325288467772;0.14977033786997404;0.4704003930238271;0.35560871743047734;0.5262319814332159;0.4625418396888606;0.1930641892044403;0.07346447209955842;0.19428397689267254;0.38204040864343036;0.3453456384544016
kernel:linear | gamma:scale | nu:0.04;0.47985347985347987;0.365923713830951;0.49168417532284997;0.4020986914172366;0.3520223335671729;0.15437892316505034;0.47056427892664826;0.16046571300275836;0.47167209030355417;0.3570643460179873;0.5259253446849692;0.46987680817737887;0.19684033604780354;0.07435595083955032;0.20678971999477114;0.3939684464720064;0.34834277197651053
kernel:linear | gamma:scale | nu:0.045;0.47985347985347987;0.3715260826718588;0.49168417532284997;0.3970642510259043;0.3553581653005237;0.14276987621308868;0.47090091268457157;0.16872591974395956;0.47167209030355417;0.3595565119511644;0.5290030292151633;0.4722378007449713;0.21100466905261428;0.07471323335900854;0.20159540118951086;0.39590218400850463;0.34959798641504547
kernel:linear | gamma:scale | nu:0.05;0.47985347985347987;0.39728137494276194;0.49168417532284997;0.39684092449676295;0.38382141384062857;0.14618675717647442;0.47022817610607337;0.1801022929953312;0.47149000947549996;0.35861165243617676;0.5319825630074904;0.465007905241839;0.22196041591269017;0.07630328710837185;0.22133607999524713;0.4026937706553595;0.3559615174104398
kernel:linear | gamma:scale | nu:0.055;0.47985347985347987;0.4176386026476423;0.49168417532284997;0.4057509148603343;0.38017517631489495;0.1450396932133443;0.47090091268457157;0.18728183873738558;0.47185431056398797;0.3562176997213757;0.5312927298921057;0.4702663202117848;0.23369345334663255;0.07859219477333529;0.23746883018322432;0.4181382322895387;0.36099053528853053
kernel:linear | gamma:scale | nu:0.06;0.47985347985347987;0.43152259877918786;0.4862654176215429;0.41322465542708997;0.3756930929705799;0.15250164212819814;0.47090091268457157;0.20813770351671107;0.4722191737087328;0.3595052633568237;0.524115735053235;0.4619080640586017;0.24314940142763397;0.08449633830602;0.2502074613941406;0.425439241725699;0.36494626137576547
kernel:linear | gamma:scale | nu:0.065;0.47985347985347987;0.4396349504455159;0.49168417532284997;0.415156241410685;0.3699296229277244;0.14580466001584463;0.47090091268457157;0.2039226549373623;0.4720366713366517;0.3616448809406464;0.5230131631776116;0.4577777777777778;0.24733397772108576;0.08579777830824575;0.2525744077286788;0.4288506606676813;0.3653697509535258
kernel:linear | gamma:scale | nu:0.07;0.47985347985347987;0.4412842698585214;0.49168417532284997;0.4161828880779696;0.3639949010756989;0.15635599629790103;0.4714068797022525;0.20350973757912288;0.47240181877482107;0.3665099424179382;0.5211563390349933;0.4536811310433793;0.24899801050490541;0.08536428954368576;0.2559733844137514;0.43565053977356805;0.3665004864546774
kernel:linear | gamma:scale | nu:0.075;0.47985347985347987;0.43516690961179627;0.4915194283794061;0.41812136325852034;0.3615045275133504;0.1633675741957064;0.4717448828007009;0.21127770741694016;0.4727675414047878;0.3693922388314089;0.5223355879093584;0.4538163716814159;0.2635263526352635;0.08715893083950603;0.25667152431623863;0.4376037166142969;0.36848925857888604
kernel:linear | gamma:scale | nu:0.08;0.47985347985347987;0.4300162575387554;0.4915194283794061;0.4200118737726629;0.3633250648530261;0.18171072400465865;0.47242259388915286;0.2167419877456056;0.47258460763697485;0.37060638735351925;0.5223355879093584;0.45408685385627495;0.2728219837800482;0.08796037163771542;0.2585241483919898;0.4467524168268676;0.37132961046434354
kernel:linear | gamma:scale | nu:0.085;0.47985347985347987;0.4279841668212161;0.49168417532284997;0.4270877291888081;0.3761638301705125;0.18808730767818102;0.4722529498525074;0.21936952379589375;0.4735007479920408;0.37514084939870107;0.5235389409858862;0.4519045678945395;0.27475394466612746;0.08931361410840317;0.2636117906779958;0.44676312288785097;0.37381317133093706
kernel:linear | gamma:auto | nu:0.05;0.47985347985347987;0.39728137494276194;0.49168417532284997;0.39684092449676295;0.38382141384062857;0.14618675717647442;0.47022817610607337;0.1801022929953312;0.47149000947549996;0.35861165243617676;0.5319825630074904;0.465007905241839;0.22196041591269017;0.07630328710837185;0.22133607999524713;0.4026937706553595;0.3559615174104398
kernel:linear | gamma:auto | nu:0.1;0.47985347985347987;0.42821522117354294;0.49168417532284997;0.4348099816849817;0.3914004889082739;0.22294248276430254;0.47208345083981285;0.22294851899683388;0.47405222995774177;0.3831737387642724;0.5241500519432467;0.4511031285936148;0.2860114661269736;0.0944523451241165;0.2661233310674133;0.4552513128282071;0.379890962746854
kernel:linear | gamma:auto | nu:0.15;0.49020422018495574;0.4110946256671331;0.4918494891691348;0.43966103937703715;0.4441880530529526;0.2883669286797187;0.4721081802683249;0.25316062917150456;0.4751215968300677;0.4053046594982079;0.5299651982395758;0.449702839533348;0.3504295038856126;0.12159100509189213;0.2942904538485594;0.46377141764931684;0.3988006150092088
kernel:linear | gamma:auto | nu:0.2;0.49996666444429627;0.4076250069852664;0.49234893268490126;0.4396937111819803;0.4650462361113348;0.3400830589137596;0.47072348157376964;0.28679332216871445;0.4765944873580685;0.42045131048480977;0.5215796852970697;0.4557024280484445;0.3752832119084475;0.1427385876173992;0.3234672375115562;0.47406112987455507;0.4120099057602733
kernel:linear | gamma:auto | nu:0.25;0.5024905029870274;0.45586640930941674;0.49268491778056245;0.43983059850535833;0.4809795124268071;0.3392004217656278;0.47401641068798656;0.3199200321283722;0.47667116341815136;0.4297155511144231;0.5258113464635203;0.4900639084672642;0.3998600421807722;0.18260959906618876;0.34067567760211637;0.47766941053736234;0.42675409402755987
kernel:linear | gamma:auto | nu:0.3;0.505078654423074;0.4566032013983295;0.49285384970032275;0.4546561512072991;0.5073193863662957;0.36159572860374306;0.474849037943539;0.3413796685592454;0.4798134338125261;0.4478850335545308;0.5362127828063695;0.4948553075685152;0.4231200542878174;0.22294162438363663;0.36611302585773914;0.4919128628979408;0.44107436271068273
kernel:linear | gamma:auto | nu:0.35;0.4988174409212952;0.4546447886969646;0.49285384970032275;0.4685553030209088;0.5057225434000219;0.38031965032572496;0.47518323170054766;0.3727405785246198;0.4818770080094122;0.4559700545616039;0.5312568932809811;0.5031649031729882;0.44381644985364627;0.2583303493202146;0.3881780057377893;0.4973521296165275;0.4505489487402231
kernel:linear | gamma:auto | nu:0.4;0.4926330316191095;0.4622422204707127;0.4820799668531179;0.47599047686844;0.5020523255132766;0.39928970065956365;0.4789065608044625;0.38938533344008985;0.48282357776483886;0.4643676635648371;0.5251689247522245;0.5053796174524084;0.4525680640373713;0.27524110312635997;0.4039107908859631;0.5076700563136611;0.4562318383829023
kernel:linear | gamma:auto | nu:0.45;0.49538461538461537;0.466519491262067;0.4826158940397351;0.4762614164430638;0.505282821999339;0.4313835187462465;0.47993849334428496;0.4127832208395311;0.48627977274434303;0.47346801598267296;0.5228153892036982;0.5023960905034537;0.4563476238868909;0.290865589457327;0.42226993682902547;0.5083290935205154;0.4633088115116756
kernel:linear | gamma:auto | nu:0.5;0.4891704127503065;0.47501521613651626;0.48336433147344493;0.48089027318149374;0.48974198214567943;0.4450035606876541;0.4801187949460299;0.43346254363040004;0.4853062931194173;0.4772484258049186;0.5205261460980158;0.5047565318736356;0.4634606498066203;0.31518556354136085;0.4359370451525618;0.5077233683283165;0.4679319461672732
kernel:linear | gamma:auto | nu:0.55;0.49031600407747195;0.4807987711213518;0.4836844279223461;0.4861572870447039;0.48197264815582264;0.45100052201581164;0.48234926010454243;0.4383511414414688;0.48955319832851174;0.4790971349718588;0.5207093275069739;0.4986699917913068;0.47216495988453694;0.33765212635033504;0.4468675300279176;0.5085275229936539;0.47174199085866336
kernel:linear | gamma:auto | nu:0.6;0.49052374159364176;0.48618958193966455;0.4838976052848885;0.4786235662148071;0.4836844279223461;0.4723712230079346;0.4809773035638774;0.4636176245289226;0.4881316884777271;0.4882446863328156;0.5114729829755736;0.4980085379808115;0.47879502129269846;0.35166922346409524;0.4575835277973874;0.49482659359876724;0.4755385834984974
kernel:linear | gamma:auto | nu:0.65;0.49052374159364176;0.48653644510263866;0.48411060668592654;0.48186528497409326;0.4838976052848885;0.48526926272730736;0.48404354610864103;0.47239331540469565;0.48532810541368243;0.48817152299198;0.5082612116443745;0.4825895829612906;0.48090656055257824;0.38393163485899284;0.469920181819419;0.4844377014998832;0.4782616443515021
kernel:linear | gamma:auto | nu:0.7;0.49052374159364176;0.48666222374322304;0.4842170414689499;0.4832575444398512;0.4838976052848885;0.49237533335392664;0.48312300906640526;0.4918029184247539;0.489419424533265;0.4872341822000525;0.5039781617230933;0.45655867298603797;0.4823529411764706;0.40688396570749513;0.47081992844042214;0.4786531690140845;0.47948499144728507
kernel:linear | gamma:auto | nu:0.75;0.49052374159364176;0.49139551607978704;0.48432343234323433;0.48559670781893005;0.4838976052848885;0.5052117693627127;0.4843116923613971;0.49059758432668765;0.49230368873291164;0.4905704115817181;0.5049160132696167;0.4526896494822936;0.4835214503766361;0.43003128392807727;0.4714377986633021;0.4601558869001887;0.48134276450662644
kernel:linear | gamma:auto | nu:0.8;0.49052374159364176;0.4820799668531179;0.485384932070811;0.4885433715220949;0.4838976052848885;0.5027475514177563;0.48514666931233635;0.4942559030450997;0.49175722628816443;0.49743356071672673;0.499271991192869;0.45286578907476555;0.48591133420508714;0.44390039260505465;0.47358325529864337;0.44742739205292414;0.4815456676583738
kernel:linear | gamma:auto | nu:0.85;0.49052374159364176;0.49041989400733793;0.48559670781893005;0.4885433715220949;0.4840041279669763;0.5032235273337454;0.48335702426218274;0.5043886198547216;0.4912105325973651;0.4890609188927826;0.4994737323814754;0.4507908611599297;0.46439506566906813;0.4585400425230333;0.47814315035591076;0.4300378182249678;0.48073182101026024
kernel:linear | gamma:auto | nu:0.005;0.48057293543743146;0.36653598615600747;0.49168417532284997;0.3868626193097399;0.24199030934045906;0.14458560716649127;0.47027919293680914;0.14556826196893102;0.47405222995774177;0.34167389127697156;0.52;0.452463912394226;0.14763124884408987;0.06889023284331841;0.19955376622553717;0.3660110786887887;0.33114721549183707
kernel:linear | gamma:auto | nu:0.01;0.47985347985347987;0.3661278649775582;0.49168417532284997;0.3875595446464166;0.24137890133873147;0.14952911781664424;0.4732809806550469;0.17235092834905386;0.4709445928958124;0.343076937016935;0.5197143621764784;0.4521933906118121;0.1478352563237981;0.06843990075570855;0.2038853594917668;0.3756185360181462;0.33396708301563993
kernel:linear | gamma:auto | nu:0.015;0.47985347985347987;0.36633195569783306;0.49168417532284997;0.3877590359756733;0.2401541095890411;0.14923431087979183;0.47244253180163837;0.1458125593185723;0.47240181877482107;0.34802911971139927;0.5180282062199383;0.45273442041623063;0.14579039454588189;0.06934021885004994;0.20664450232245518;0.3728230069273122;0.3324414903879355
kernel:linear | gamma:auto | nu:0.02;0.47985347985347987;0.3661278649775582;0.49168417532284997;0.3878561204716739;0.2551006267136637;0.12992635696685367;0.47378512337805107;0.1355967039982174;0.47185431056398797;0.3493888848066231;0.522423060708263;0.45472645821077873;0.14936469554610296;0.07068810525754389;0.20736550701159429;0.36436890347562445;0.33188189857892914
kernel:linear | gamma:auto | nu:0.025;0.47985347985347987;0.36633195569783306;0.49168417532284997;0.39784083582439483;0.3144870221246022;0.17004641318781802;0.47027919293680914;0.14138330714652492;0.4711262618334263;0.34719408403618934;0.522423060708263;0.4512464164053501;0.1636055768731821;0.07113671180950279;0.2035325869981635;0.37834094192732987;0.34003200141785744
kernel:linear | gamma:auto | nu:0.03;0.47985347985347987;0.365923713830951;0.49168417532284997;0.4030600770046722;0.3110759861699491;0.1559812369060924;0.471575811256945;0.17368731170956986;0.47076305914326294;0.35093835768859877;0.5265401032883643;0.45426762715564284;0.17898273453268182;0.07203289444625138;0.1995988474223403;0.373295481958096;0.34245380610560927
kernel:linear | gamma:auto | nu:0.035;0.47985347985347987;0.365923713830951;0.49168417532284997;0.40812487612941173;0.35829846516443303;0.1435066598360656;0.4707325288467772;0.14977033786997404;0.4704003930238271;0.35560871743047734;0.5262319814332159;0.4625418396888606;0.1930641892044403;0.07346447209955842;0.19428397689267254;0.38204040864343036;0.3453456384544016
kernel:linear | gamma:auto | nu:0.04;0.47985347985347987;0.365923713830951;0.49168417532284997;0.4020986914172366;0.3520223335671729;0.15437892316505034;0.47056427892664826;0.16046571300275836;0.47167209030355417;0.3570643460179873;0.5259253446849692;0.46987680817737887;0.19684033604780354;0.07435595083955032;0.20678971999477114;0.3939684464720064;0.34834277197651053
kernel:linear | gamma:auto | nu:0.045;0.47985347985347987;0.3715260826718588;0.49168417532284997;0.3970642510259043;0.3553581653005237;0.14276987621308868;0.47090091268457157;0.16872591974395956;0.47167209030355417;0.3595565119511644;0.5290030292151633;0.4722378007449713;0.21100466905261428;0.07471323335900854;0.20159540118951086;0.39590218400850463;0.34959798641504547
kernel:linear | gamma:auto | nu:0.05;0.47985347985347987;0.39728137494276194;0.49168417532284997;0.39684092449676295;0.38382141384062857;0.14618675717647442;0.47022817610607337;0.1801022929953312;0.47149000947549996;0.35861165243617676;0.5319825630074904;0.465007905241839;0.22196041591269017;0.07630328710837185;0.22133607999524713;0.4026937706553595;0.3559615174104398
kernel:linear | gamma:auto | nu:0.055;0.47985347985347987;0.4176386026476423;0.49168417532284997;0.4057509148603343;0.38017517631489495;0.1450396932133443;0.47090091268457157;0.18728183873738558;0.47185431056398797;0.3562176997213757;0.5312927298921057;0.4702663202117848;0.23369345334663255;0.07859219477333529;0.23746883018322432;0.4181382322895387;0.36099053528853053
kernel:linear | gamma:auto | nu:0.06;0.47985347985347987;0.43152259877918786;0.4862654176215429;0.41322465542708997;0.3756930929705799;0.15250164212819814;0.47090091268457157;0.20813770351671107;0.4722191737087328;0.3595052633568237;0.524115735053235;0.4619080640586017;0.24314940142763397;0.08449633830602;0.2502074613941406;0.425439241725699;0.36494626137576547
kernel:linear | gamma:auto | nu:0.065;0.47985347985347987;0.4396349504455159;0.49168417532284997;0.415156241410685;0.3699296229277244;0.14580466001584463;0.47090091268457157;0.2039226549373623;0.4720366713366517;0.3616448809406464;0.5230131631776116;0.4577777777777778;0.24733397772108576;0.08579777830824575;0.2525744077286788;0.4288506606676813;0.3653697509535258
kernel:linear | gamma:auto | nu:0.07;0.47985347985347987;0.4412842698585214;0.49168417532284997;0.4161828880779696;0.3639949010756989;0.15635599629790103;0.4714068797022525;0.20350973757912288;0.47240181877482107;0.3665099424179382;0.5211563390349933;0.4536811310433793;0.24899801050490541;0.08536428954368576;0.2559733844137514;0.43565053977356805;0.3665004864546774
kernel:linear | gamma:auto | nu:0.075;0.47985347985347987;0.43516690961179627;0.4915194283794061;0.41812136325852034;0.3615045275133504;0.1633675741957064;0.4717448828007009;0.21127770741694016;0.4727675414047878;0.3693922388314089;0.5223355879093584;0.4538163716814159;0.2635263526352635;0.08715893083950603;0.25667152431623863;0.4376037166142969;0.36848925857888604
kernel:linear | gamma:auto | nu:0.08;0.47985347985347987;0.4300162575387554;0.4915194283794061;0.4200118737726629;0.3633250648530261;0.18171072400465865;0.47242259388915286;0.2167419877456056;0.47258460763697485;0.37060638735351925;0.5223355879093584;0.45408685385627495;0.2728219837800482;0.08796037163771542;0.2585241483919898;0.4467524168268676;0.37132961046434354
kernel:linear | gamma:auto | nu:0.085;0.47985347985347987;0.4279841668212161;0.49168417532284997;0.4270877291888081;0.3761638301705125;0.18808730767818102;0.4722529498525074;0.21936952379589375;0.4735007479920408;0.37514084939870107;0.5235389409858862;0.4519045678945395;0.27475394466612746;0.08931361410840317;0.2636117906779958;0.44676312288785097;0.37381317133093706
kernel:poly | gamma:scale | nu:0.05;0.4896078054963907;0.24197318748450647;0.4886322752670229;0.47631017672151127;0.5093657615803061;0.15928860267835104;0.4555138636906651;0.31804240716189747;0.4606082097765501;0.25961389053372474;0.4226141519849965;0.42479093415599667;0.20538046608252086;0.12959498646712206;0.2603800548112498;0.39192170228399736;0.35585240476105057
kernel:poly | gamma:scale | nu:0.1;0.4896078054963907;0.24332444006008563;0.4879560080492519;0.4855916474839488;0.5042145094119386;0.17609755776194835;0.4531852818137131;0.35132148283145515;0.4616077214305236;0.2752513652835196;0.42428563154832;0.4361389964008992;0.23620118172647353;0.16223262960874218;0.28016913084873657;0.41043707117914585;0.3673514038084433
kernel:poly | gamma:scale | nu:0.15;0.4897846088463323;0.2575393736419767;0.48914369039328576;0.49673886786375715;0.5065661351917988;0.21511781353667994;0.4526158624476737;0.35627323096310615;0.4618860657309834;0.3108337293445753;0.43393093454228915;0.4444675515133589;0.25066943664264063;0.18885368336032865;0.3045181487490416;0.4241396875661253;0.38019242627087213
kernel:poly | gamma:scale | nu:0.2;0.4923067414440642;0.29875969583994366;0.48914369039328576;0.4996082507625774;0.5089499214319875;0.24406985551287763;0.45049114722289596;0.3907262072178601;0.4648543944318592;0.34475300250096147;0.4459581013961856;0.44500843587177474;0.29420863112705864;0.219671221474648;0.31783936058700213;0.4329947251381271;0.3962089613970693
kernel:poly | gamma:scale | nu:0.25;0.49070117557157694;0.3125103215608559;0.49176046389509587;0.505128452817759;0.5193984141663761;0.27358263003878086;0.45175281547607116;0.41113924185902784;0.4660069620788895;0.3670357743898933;0.4534452365425185;0.4543097495551483;0.3192366933358112;0.24961858001770754;0.3371732488100642;0.4474205739997432;0.4093887708822075
kernel:poly | gamma:scale | nu:0.3;0.49301968150962727;0.33545333823779355;0.49265720567941584;0.5067421633296363;0.5250454930292565;0.30269626418225826;0.4557264830958542;0.4267611898035556;0.4658804426782891;0.40420975000243176;0.4542866269000496;0.46057364502445824;0.3391035107698912;0.2733384726206574;0.35359740763868963;0.4659968874605177;0.4221930351226489
kernel:poly | gamma:scale | nu:0.35;0.49505526468877253;0.3612111846077119;0.4939358537597162;0.5034266936189993;0.5309835433192032;0.3298170800134665;0.4581105756237559;0.4325;0.4672521786492375;0.418332052131592;0.46496070647714716;0.45812163370330794;0.358699947312961;0.3052847259243887;0.37311018752309427;0.47447407008408893;0.4328297310898402
kernel:poly | gamma:scale | nu:0.4;0.4949753977134161;0.3764756023656321;0.4939358537597162;0.5067512038237537;0.5247064233163554;0.36065277833494314;0.46097984064604014;0.441339880749258;0.4701286087190294;0.43886888524044665;0.4674622591448389;0.461557462836165;0.3794775058718036;0.3186381228519319;0.3866966956834694;0.4832333858319031;0.44161749418054397
kernel:poly | gamma:scale | nu:0.45;0.504844369672708;0.401946313664873;0.4946795991770892;0.5132275132275133;0.5176179859911614;0.3759878518941555;0.4644162460046528;0.4605143965586747;0.47186756052643397;0.45282307622723866;0.47563848379226326;0.4689873489870977;0.39964054911858055;0.33507380059387054;0.39919960739275395;0.48976363076146157;0.451639270849408
kernel:poly | gamma:scale | nu:0.5;0.5023961539050419;0.41218833230816937;0.49505526468877253;0.5111088681697178;0.5169293035131165;0.394151600033953;0.46307114418428286;0.468235294117647;0.47303271441202477;0.4565717969973289;0.4875078432386424;0.4679431485687793;0.41581624835279335;0.34752248355391635;0.4104783672124192;0.4886475731001736;0.45691600852229863
kernel:poly | gamma:scale | nu:0.55;0.491559894244458;0.42411924119241196;0.49449272804811695;0.5113597966623699;0.5180282062199383;0.4219032058869543;0.4657750105691994;0.4792116106484877;0.47498566513761464;0.4710468086035772;0.49506965304155587;0.4643690501140212;0.42344281513654797;0.3650297597909002;0.4263132429635433;0.4967943527523302;0.4639688150632517
kernel:poly | gamma:scale | nu:0.6;0.4984774467037171;0.4443480155083022;0.49006480099605804;0.5126297371583978;0.5171570205369214;0.4530779344704915;0.46772332864148536;0.48031003623133234;0.47622623318593504;0.48356362781429285;0.5073157754722001;0.4733366806638373;0.4403261817327939;0.3794459945202725;0.44667590157473014;0.49753648618538326;0.47301345008725937
kernel:poly | gamma:scale | nu:0.65;0.4988722874272314;0.4574678097567122;0.49108041497539673;0.5093324559681869;0.5155276729700162;0.469948327356177;0.46875816909607904;0.4896301866209835;0.4810003275637707;0.4880625180303256;0.5134878343340221;0.47172204622672553;0.4519219429811509;0.3935823688405295;0.46303454606787553;0.49449899551621734;0.4786204939832125
kernel:poly | gamma:scale | nu:0.7;0.5011368034055728;0.4656907497216315;0.49263882977884965;0.5105700283039841;0.5180383419036002;0.47975246568775654;0.4690208990918722;0.49429599315251693;0.4831885456885457;0.5026347473281435;0.5063661830357724;0.47331824121172117;0.4634838460325775;0.40945196485566;0.4738537951079603;0.4955680533449426;0.4836880929781942
kernel:poly | gamma:scale | nu:0.75;0.5020044321605538;0.47809319926971;0.4929913510289293;0.5113250933935347;0.518324607329843;0.48856936515549415;0.4709610746331572;0.4960941036867712;0.4876410389388496;0.5098983486557577;0.5075252989250062;0.4654590522428954;0.4785508340839295;0.41990272636583215;0.4819278021077828;0.4930036058452649;0.48764199586395696
kernel:poly | gamma:scale | nu:0.8;0.5031274692141011;0.48312300906640526;0.4955309351050995;0.513125784169091;0.5186124072744676;0.49162679425837325;0.4750893705597538;0.5002771956375042;0.49109791461178176;0.5054158622759102;0.49886441084591054;0.46972724137742283;0.4840190054000805;0.4285244261572261;0.4847932665191549;0.4914150673532012;0.4896481349890927
kernel:poly | gamma:scale | nu:0.85;0.5035897435897436;0.49600608596424495;0.49743356071672673;0.5110624902324128;0.5164151539452262;0.4858772721989253;0.47311299181497163;0.5021872966409446;0.49498403831440785;0.5023793976991199;0.5056963276718158;0.46961009174311924;0.49842574392394323;0.4347517863976562;0.48214930351578994;0.48911650179630334;0.4914248616353345
kernel:poly | gamma:scale | nu:0.005;0.4897846088463323;0.24224373243074634;0.4886322752670229;0.4733874981653789;0.5078420161661005;0.15736968559912337;0.4553376906318083;0.29878481862675466;0.46099423552445806;0.25784456618250656;0.42917716231817343;0.41982467265037166;0.20297589979275765;0.11905566608033061;0.2467367129479315;0.3736721460307375;0.35147896170378334
kernel:poly | gamma:scale | nu:0.01;0.4896078054963907;0.24224373243074634;0.4886322752670229;0.47435806656252577;0.5096048196797932;0.15885916457202962;0.4555138636906651;0.2983853072093357;0.4611873743551428;0.25729372747061474;0.42917716231817343;0.41982467265037166;0.2034245426305793;0.11864643295447799;0.24709103353867212;0.3740960763984766;0.3517466285765636
kernel:poly | gamma:scale | nu:0.015;0.4896078054963907;0.24116066638133177;0.4886322752670229;0.47416366768586915;0.508078297762228;0.15848716188014164;0.4555138636906651;0.3002847544304834;0.46099423552445806;0.2575803891284295;0.42917716231817343;0.41955231009104;0.20297589979275765;0.11864643295447799;0.2474755205387947;0.37490048806377085;0.3517019331878772
kernel:poly | gamma:scale | nu:0.02;0.48943142020059843;0.24088952997202098;0.4886322752670229;0.47416366768586915;0.5093657615803061;0.15923092311795967;0.4555138636906651;0.2992000654480969;0.4611873743551428;0.2575803891284295;0.42917716231817343;0.4203692774639575;0.20262032712591554;0.12068969931588219;0.24977773564505346;0.3780838587442072;0.35224458319120633
kernel:poly | gamma:scale | nu:0.025;0.4896078054963907;0.24170249495146895;0.4886322752670229;0.47416366768586915;0.5093657615803061;0.15885916457202962;0.4555138636906651;0.2992000654480969;0.46138059800668607;0.25729372747061474;0.42917716231817343;0.4206267806267806;0.20351678098874565;0.12231911292944758;0.251690123318585;0.3797262083581744;0.3526734745443161
kernel:poly | gamma:scale | nu:0.03;0.48943142020059843;0.24197318748450647;0.4886322752670229;0.47416366768586915;0.5091271189346033;0.15885916457202962;0.4553376906318083;0.30013273344710484;0.4611873743551428;0.2575803891284295;0.42939068100358424;0.4203210214638485;0.20521603410117695;0.12434942242263913;0.2547785871499001;0.3793411776902343;0.35311387159615615
kernel:poly | gamma:scale | nu:0.035;0.48943142020059843;0.24143165464575408;0.4886322752670229;0.47416366768586915;0.5091271189346033;0.15885916457202962;0.45498554098712474;0.3034968527061636;0.4611873743551428;0.25729372747061474;0.42875014653302856;0.42220834992785167;0.2055726984604835;0.12434942242263913;0.25625741039163397;0.38076299329383606;0.3535318636158997
kernel:poly | gamma:scale | nu:0.04;0.4897846088463323;0.24143165464575408;0.4886322752670229;0.47494213481454667;0.5086510686118317;0.15848716188014164;0.45498554098712474;0.30408420520338364;0.46138059800668607;0.25729372747061474;0.42576164886754747;0.4248512685561143;0.20673192843709312;0.12596853486725523;0.2566366010349413;0.3847931957463614;0.35402600957767194
kernel:poly | gamma:scale | nu:0.045;0.4896078054963907;0.24143165464575408;0.4886322752670229;0.4753322501717673;0.508888888888889;0.15923092311795967;0.4553376906318083;0.3096117445454952;0.4615739071202468;0.2592972870316125;0.42256020723510135;0.42479093415599667;0.20574020433006174;0.12596853486725523;0.257490212735265;0.3901938265271487;0.3547305216729859
kernel:poly | gamma:scale | nu:0.05;0.4896078054963907;0.24197318748450647;0.4886322752670229;0.47631017672151127;0.5093657615803061;0.15928860267835104;0.4555138636906651;0.31804240716189747;0.4606082097765501;0.25961389053372474;0.4226141519849965;0.42479093415599667;0.20538046608252086;0.12959498646712206;0.2603800548112498;0.39192170228399736;0.35585240476105057
kernel:poly | gamma:scale | nu:0.055;0.48943142020059843;0.24116066638133177;0.4886322752670229;0.4792677513603546;0.5083149898445105;0.15928860267835104;0.4568615471235082;0.3223939377555695;0.4606082097765501;0.2601823858374458;0.4221859110112553;0.42657928512387816;0.20767519775190185;0.13239986118397779;0.2621189440187819;0.3942574409721332;0.3569599016429482
kernel:poly | gamma:scale | nu:0.06;0.48943142020059843;0.24197318748450647;0.4886322752670229;0.4806609467607596;0.5087896169643062;0.15891632840330341;0.455438361177519;0.33374267026536025;0.4606082097765501;0.26245061616718346;0.4214930144160353;0.4293525497897999;0.21119804926266889;0.13398877649454338;0.26455238859895625;0.3951867426261514;0.35852594710345403
kernel:poly | gamma:scale | nu:0.065;0.4896078054963907;0.24116066638133177;0.4886322752670229;0.48226400791085317;0.5062977470945961;0.15923092311795967;0.45490578088352895;0.34064854523884097;0.46077592928901656;0.26133267202615057;0.4232004982105697;0.42951393844250985;0.21520870954633606;0.13913333448542256;0.2663799645838604;0.39566996792470216;0.35962267286869326
kernel:poly | gamma:scale | nu:0.07;0.4897846088463323;0.24143165464575408;0.4886322752670229;0.48307006418386567;0.5051365264650305;0.15960243785025582;0.4556865501396877;0.3474520805672989;0.46154448621553884;0.2633057440561382;0.4252650091104876;0.4313820127456118;0.22085213032581455;0.14380218405660444;0.2661564867669578;0.3981759927513997;0.36133001524961256
kernel:poly | gamma:scale | nu:0.075;0.48943142020059843;0.24116066638133177;0.4886322752670229;0.48274708743829914;0.5031298344124219;0.16145636590901657;0.45586570097850704;0.3548804516363467;0.46250713349099787;0.26610649086346944;0.4243400844058507;0.4305750350631136;0.22478805529064916;0.14997349069869298;0.26789392610727225;0.4008533189511886;0.36277133356842367
kernel:poly | gamma:scale | nu:0.08;0.4896078054963907;0.24116066638133177;0.4886322752670229;0.480618495658286;0.5071356059511257;0.16330424823347747;0.45532845108051195;0.35582302085099166;0.46149257688229056;0.26610649086346944;0.42362508383635145;0.4312287109000192;0.2274110705261491;0.15339193222139869;0.26962114360365796;0.4010076135490787;0.36346844945634704
kernel:poly | gamma:scale | nu:0.085;0.4896078054963907;0.24143165464575408;0.4886322752670229;0.48180055706937425;0.5081766461493437;0.1666153320961702;0.4549706181877549;0.35417277658361057;0.46046805475314057;0.2652614781874343;0.42404775134556133;0.4325519728886568;0.22841435062774862;0.1552598724898807;0.2724157486395502;0.40357980346671984;0.3642129186183821
kernel:poly | gamma:auto | nu:0.05;0.4869530002130218;0.23983392148855753;0.4886322752670229;0.47416366768586915;0.5040433989078134;0.15817104586008474;0.4553376906318083;0.32340808605679383;0.4611873743551428;0.2607075725026853;0.42175765986555247;0.42706133248850087;0.20538046608252086;0.1287910788206471;0.2613828837152008;0.39188116114413296;0.35554328844283467
kernel:poly | gamma:auto | nu:0.1;0.49139551607978704;0.25944347349255414;0.48778791084174317;0.4849879599363465;0.5062977470945961;0.17636864228910698;0.45336353787058015;0.35321915145724736;0.4616077214305236;0.27497640377750476;0.4238658190378605;0.43560949185272413;0.23536578179405127;0.16116308463808393;0.2787503171323983;0.4100098658362921;0.3683882765350875
kernel:poly | gamma:auto | nu:0.15;0.4919407861967285;0.25944347349255414;0.48914369039328576;0.4952389857081492;0.5073022985644345;0.2161018050616591;0.4526158624476737;0.35675209755573367;0.4615077976594838;0.3102167464104638;0.4324744780434391;0.4444675515133589;0.25066943664264063;0.1892079720160923;0.3038408512030409;0.4241396875661253;0.38031647002967894
kernel:poly | gamma:auto | nu:0.2;0.49157679247866004;0.29971685849197405;0.48931499297346653;0.4991711343201084;0.5091879481167528;0.2434529072460107;0.45049114722289596;0.3907262072178601;0.4648543944318592;0.34429026034265614;0.4453404003341729;0.4455039260320221;0.2945842022773387;0.22033849952280177;0.31783936058700213;0.43261148003353755;0.39618753197681994
kernel:poly | gamma:auto | nu:0.25;0.49193876168540845;0.3111278274150495;0.49176046389509587;0.505128452817759;0.5199315285197248;0.27274332631843284;0.452294359685799;0.41127527382961077;0.4660069620788895;0.3672582695158723;0.4534452365425185;0.4548055618555802;0.3192366933358112;0.24961858001770754;0.3371732488100642;0.44787213420446903;0.40947604253298703
kernel:poly | gamma:auto | nu:0.3;0.49375144642443874;0.3361083810294656;0.49265720567941584;0.506509704726851;0.5244755244755245;0.30269626418225826;0.45500508880790574;0.4289824637957837;0.46568924753375157;0.4044162781823913;0.4540850313290317;0.46082088565063944;0.33944327987130113;0.2736366613330726;0.35329979098041775;0.46577863577863576;0.42233474311130526
kernel:poly | gamma:auto | nu:0.35;0.49562371077649436;0.36182417897605046;0.4939358537597162;0.5002625739018483;0.5309835433192032;0.33041805117386847;0.4581105756237559;0.4323006326007076;0.4672521786492375;0.41813131103731876;0.46516384382962267;0.457881358942691;0.358699947312961;0.30500478320237445;0.37311018752309427;0.47447407008408893;0.43269855004456453
kernel:poly | gamma:auto | nu:0.4;0.5002088132811527;0.3792277855029431;0.49375144642443874;0.5067512038237537;0.5247064233163554;0.3608804009947306;0.46097984064604014;0.4411456514146001;0.4701286087190294;0.4390654948960851;0.4674622591448389;0.4610851566712918;0.3797893120085477;0.3189070027812888;0.3866966956834694;0.4832333858319031;0.4421262175712793
kernel:poly | gamma:auto | nu:0.45;0.49922159707896835;0.4023795164208564;0.4946795991770892;0.5132275132275133;0.5176179859911614;0.37620740531210123;0.4644162460046528;0.4603158151896298;0.47186756052643397;0.4532150810285217;0.47563848379226326;0.4689873489870977;0.3993390860846492;0.3353320436022179;0.39919960739275395;0.48976363076146157;0.45133803253608573
kernel:poly | gamma:auto | nu:0.5;0.5023961539050419;0.41200828157349895;0.49505526468877253;0.5111088681697178;0.5169293035131165;0.39436325762714813;0.4632477681675335;0.468235294117647;0.474604222451336;0.4567621054456256;0.4875078432386424;0.4679431485687793;0.41581624835279335;0.34752248355391635;0.4104783672124192;0.4886475731001736;0.45703913648038513
kernel:poly | gamma:auto | nu:0.55;0.49140893470790376;0.42394114154151996;0.49449272804811695;0.5113597966623699;0.5180282062199383;0.4229147034684014;0.4657750105691994;0.4792116106484877;0.4733874981653789;0.4712422407575023;0.49506965304155587;0.4643690501140212;0.4228347402756331;0.3650297597909002;0.4263132429635433;0.4967943527523302;0.4638857918579251
kernel:poly | gamma:auto | nu:0.6;0.4984774467037171;0.4443480155083022;0.49023286162880797;0.5126297371583978;0.5171570205369214;0.4530779344704915;0.46772332864148536;0.48031003623133234;0.47622623318593504;0.4837670452121013;0.5075517262550396;0.47311850618558876;0.4406031921937772;0.3796746646559547;0.4469192464602832;0.49753648618538326;0.4730845925758449
kernel:poly | gamma:auto | nu:0.65;0.4988722874272314;0.45828309635586156;0.49108041497539673;0.5093324559681869;0.5155276729700162;0.47015144941629394;0.4689350068807551;0.48984076753064093;0.4810003275637707;0.4882629616003347;0.5134878343340221;0.47172204622672553;0.4519219429811509;0.3935823688405295;0.46303454606787553;0.49449899551621734;0.4787208859159381
kernel:poly | gamma:auto | nu:0.7;0.5011368034055728;0.4656907497216315;0.49263882977884965;0.5105700283039841;0.5180383419036002;0.4799552225362745;0.4690208990918722;0.49429599315251693;0.4831885456885457;0.5026347473281435;0.5063661830357724;0.47331824121172117;0.4634838460325775;0.40945196485566;0.4738537951079603;0.4955680533449426;0.4837007652812266
kernel:poly | gamma:auto | nu:0.75;0.5020044321605538;0.47725776392853386;0.4929913510289293;0.5113250933935347;0.518324607329843;0.48856936515549415;0.4709610746331572;0.4963086948515;0.4876410389388496;0.5098983486557577;0.5075252989250062;0.465263894266446;0.4785508340839295;0.41990272636583215;0.4819278021077828;0.4930036058452649;0.4875909957294009
kernel:poly | gamma:auto | nu:0.8;0.5031274692141011;0.4832909407944202;0.4955309351050995;0.513125784169091;0.5186124072744676;0.49162679425837325;0.4750893705597538;0.5002771956375042;0.49109791461178176;0.5054158622759102;0.49886441084591054;0.46972724137742283;0.4840190054000805;0.4285244261572261;0.4847932665191549;0.4914150673532012;0.48965863072209365
kernel:poly | gamma:auto | nu:0.85;0.5035897435897436;0.49600608596424495;0.49743356071672673;0.5110624902324128;0.5164151539452262;0.4858772721989253;0.47311299181497163;0.5021872966409446;0.49498403831440785;0.5023793976991199;0.5056963276718158;0.46961009174311924;0.49842574392394323;0.4347517863976562;0.48214930351578994;0.48911650179630334;0.4914248616353345
kernel:poly | gamma:auto | nu:0.005;0.4890609188927826;0.4615901064403787;0.49087650700553925;0.4855916474839488;0.5165219770241809;0.3217210563252739;0.46400800508900997;0.3855815943613715;0.46244983799792283;0.3203289911147408;0.45499115067112794;0.43377961752022876;0.21905571441842153;0.13994495647721455;0.2635468865522057;0.3821804846106285;0.393201840749061
kernel:poly | gamma:auto | nu:0.01;0.49908824870222496;0.3710835044279803;0.4881244881244881;0.49115880522823263;0.5196645677832337;0.1795556859686648;0.456953591585169;0.35323470139010793;0.46176730234011354;0.25755746203744323;0.4356804535545513;0.42997519953637364;0.20619877168604667;0.12394393241167434;0.24679459472266352;0.3814100404312668;0.36888695937063964
kernel:poly | gamma:auto | nu:0.015;0.48880233690360275;0.35970219671400205;0.4869530002130218;0.47630195846143725;0.5236256808010379;0.17048596279250303;0.45621922500535217;0.31133536721879146;0.4619292810488961;0.25988442610439266;0.4268847011226641;0.42089773072163983;0.20682409473020844;0.12476415033959791;0.2509258332499249;0.3752711909894467;0.3625504460260324
kernel:poly | gamma:auto | nu:0.02;0.4952440775305097;0.3436163144586118;0.4921235155610155;0.47159324773323374;0.5072338972212533;0.16705045709158883;0.45182724252491696;0.32390995119375143;0.4625417572791361;0.26187473728457333;0.421279567123839;0.4227216748768473;0.20637677467661664;0.12272574750726901;0.25088936368596704;0.3799865338988188;0.3613121787279968
kernel:poly | gamma:auto | nu:0.025;0.491582677273918;0.2490111838516094;0.48880233690360275;0.4755275318908398;0.5112881880816198;0.1640417175659012;0.4560427830903886;0.3212069788407488;0.4619607843137255;0.26667927241764416;0.43250135049576266;0.4236642628377066;0.20297589979275765;0.12029739148774313;0.2524152153965146;0.3808463957403462;0.3561777481238018
kernel:poly | gamma:auto | nu:0.03;0.49320175928199866;0.27063317038635054;0.4882933560009343;0.4674135545080871;0.5051752293790339;0.1589724061210461;0.45428201083731723;0.30005941545980985;0.46176730234011354;0.2555436070769196;0.43058495672445674;0.426740360181744;0.2057525382155221;0.12718603497655961;0.25625741039163397;0.38119440174051367;0.35519109460137754
kernel:poly | gamma:auto | nu:0.035;0.4930447366642262;0.2894918061242783;0.48745284566180086;0.4748662928791869;0.5049054503219452;0.16071552248224275;0.45579374633609976;0.2937736611598195;0.4615739071202468;0.25786690414925734;0.41935834750945966;0.4261629763678944;0.20512502575201927;0.12556418310894013;0.2547384776801983;0.3829093768408141;0.35583395375990184
kernel:poly | gamma:auto | nu:0.04;0.492296918767507;0.25386217188107973;0.4882933560009343;0.4790694200679637;0.5054387802866505;0.15518008003557138;0.4546336493070799;0.3083051672175527;0.46099423552445806;0.25323314963202936;0.4231376385684412;0.4253911745959013;0.20619877168604667;0.12677638803353242;0.25659324884131085;0.3847572041295773;0.35463508466097726
kernel:poly | gamma:auto | nu:0.045;0.4898314701812716;0.2605653879831066;0.4881244881244881;0.4772022853728668;0.5073022985644345;0.1559293022087171;0.45586640930941674;0.30970372081498154;0.46080118087658145;0.25958292662831767;0.42042573949092704;0.42668587376008205;0.20610993869962818;0.12677638803353242;0.25753971821929417;0.3872020202020202;0.3556030717793542
kernel:poly | gamma:auto | nu:0.05;0.4869530002130218;0.23983392148855753;0.4886322752670229;0.47416366768586915;0.5040433989078134;0.15817104586008474;0.4553376906318083;0.32340808605679383;0.4611873743551428;0.2607075725026853;0.42175765986555247;0.42706133248850087;0.20538046608252086;0.1287910788206471;0.2613828837152008;0.39188116114413296;0.35554328844283467
kernel:poly | gamma:auto | nu:0.055;0.4924904700988274;0.24975982072076316;0.48880233690360275;0.48266665031637807;0.5111883804072341;0.1541037184190711;0.4550832421220486;0.31252747252747254;0.46002979145978157;0.2624421054897855;0.42111525913381875;0.4263597757402535;0.20775460871590395;0.13199944447964446;0.2637239055326073;0.39287838547152676;0.35705783547117
kernel:poly | gamma:auto | nu:0.06;0.4941677331470427;0.24949333333333334;0.4886322752670229;0.4806609467607596;0.5072338972212533;0.15966063273346648;0.45561602019243214;0.3332488449476761;0.46041532159246834;0.2635836946204388;0.42197178685139697;0.4298889362514869;0.21119804926266889;0.13359112797315043;0.26388945080533865;0.39519704307405623;0.3592780683771245
kernel:poly | gamma:auto | nu:0.065;0.49067507713745395;0.2454788274723966;0.4884626166869134;0.48086068570265744;0.5046747572015837;0.1529742178968418;0.4541965773618767;0.34673180842401363;0.4619607843137255;0.26414857691560756;0.4229870692809574;0.4308369389612078;0.21564454920705073;0.13992073509494635;0.26652416278972296;0.3958944281524927;0.3601232382874655
kernel:poly | gamma:auto | nu:0.07;0.4897846088463323;0.22965896885069817;0.4882933560009343;0.4812607090739356;0.505193984432834;0.16145636590901657;0.45640356599260706;0.34504842764543664;0.4619292810488961;0.26525297619047616;0.42632875035013335;0.4321822327676165;0.2204197414103409;0.14380218405660444;0.2665959771222929;0.3981759927513997;0.36073669515309714
kernel:poly | gamma:auto | nu:0.075;0.49031757848337043;0.24305448360523088;0.4882933560009343;0.4839543148483022;0.5093645566802845;0.1611463174042781;0.45586570097850704;0.35298219961332494;0.462121809843662;0.2630233103997324;0.4254777522232304;0.4308402107977048;0.2234992770565804;0.14997349069869298;0.2690597786139187;0.3997296926524162;0.3630439893687607
kernel:poly | gamma:auto | nu:0.08;0.49285946121389157;0.24390355316933046;0.4884626166869134;0.4825924898450019;0.505367988311465;0.16213336720078458;0.45514950166112955;0.341319120699284;0.4623144271031595;0.2649821973619113;0.42447042143381775;0.4319006739447075;0.22655656893120218;0.15339193222139869;0.26962114360365796;0.40212508358797844;0.36294690918597705
kernel:poly | gamma:auto | nu:0.085;0.4926747078736077;0.24010626828084183;0.4882933560009343;0.48358694055924306;0.5039849494861816;0.1644749502854577;0.4544343575418994;0.3506245963594613;0.46206666792424234;0.2697111446911179;0.42176675234098926;0.4321417359196984;0.22888651212350636;0.1552598724898807;0.2731331509046375;0.40357980346671984;0.36404536039052615
